000951-pred,000951-true
-0.29910225,0.5632
-0.29495052,0.2528
-0.29921,-0.6137
-0.29397365,-0.6527
-0.2951495,-0.3543
-0.29398942,-0.1911
-0.29765034,-0.5805
-0.30165792,-0.6556
-0.30325392,-0.3704
-0.3025904,-0.313
-0.29775393,-0.6124
-0.29965016,0.0628
-0.3026754,-0.2177
-0.29878938,-0.1384
-0.30452833,0.866
-0.30297497,0.1221
-0.29461867,1.9363
-0.3160329,-0.0303
-0.30737057,-0.435
-0.29485402,0.4019
-0.3028067,-0.6071
-0.2941433,-0.6167
-0.29501843,-0.2639
-0.29083684,-0.5643
-0.29611745,-0.7652
-0.29366744,-0.4931
-0.29937345,-0.5747
-0.2975533,-0.81
-0.29796803,-0.6586
-0.3003713,-0.6658
-0.3016966,-0.4624
-0.29925472,-0.3254
-0.30326992,-0.6332
-0.29792136,-0.6299
-0.30146244,-0.4147
-0.30116966,-0.3582
-0.304008,-0.5217
-0.30094332,-0.4716
-0.3052881,-0.0936
-0.300917,-0.444
-0.30135417,-0.4898
-0.29958013,-0.4554
-0.2984343,-0.4505
-0.29192597,-0.6455
-0.2917871,-0.7379
-0.2948591,-0.7583
-0.30015263,-0.6865
-0.29921868,-0.6849
-0.29835624,-0.2522
-0.29972428,-0.4606
-0.29486114,-0.2613
-0.3037764,-0.6043
-0.30587682,-0.6972
-0.29645157,-0.4554
-0.29216963,-0.3399
-0.30834675,-0.4573
-0.31549615,-0.1934
-0.31725323,-0.0991
-0.3012908,1.0614
-0.30298775,1.903
-0.29683068,0.4782
-0.2943395,0.1359
-0.29317564,-0.2919
-0.2948085,-0.0611
-0.29578313,0.2361
-0.29751834,-0.1049
-0.30602536,-0.077
-0.30039117,-0.1157
-0.29843894,-0.0155
-0.30140916,0.0699
-0.29954094,-0.0617
-0.2962884,0.2318
-0.29893544,0.4412
-0.29333836,0.4464
-0.29212186,0.0469
-0.3202941,0.1103
-0.3167587,-0.1417
-0.3176437,-0.1465
-0.28846285,0.0426
-0.31272632,-0.0315
-0.29470935,-0.4404
-0.2966912,-0.4655
-0.2935403,-0.4466
-0.3012751,-0.2187
-0.295024,-0.5949
-0.29788256,-0.4867
-0.29425025,-0.1424
-0.2956063,-0.3789
-0.30112714,-0.5867
-0.29332072,-0.4137
-0.299036,-0.6147
-0.29901212,-0.1989
-0.29988644,-0.4489
-0.29634753,-0.4027
-0.30061635,-0.3699
-0.2977597,0.0538
-0.29524422,-0.2774
-0.29129484,0.436
-0.30073285,1.4741
-0.29342744,1.4658
-0.29442114,-0.5181
-0.29962763,0.4773
-0.30164316,0.0846
-0.30252343,-0.3753
-0.30103567,-0.2808
-0.30035725,-0.5744
-0.30384505,-0.6039
-0.29844126,-0.708
-0.3040416,-0.4414
-0.30123916,-0.4407
-0.3041152,-0.7252
-0.2994452,-0.5162
-0.30168897,-0.6108
-0.30405962,-0.7581
-0.29634878,-0.3615
-0.29919106,-0.5412
-0.29634315,0.4957
-0.2976504,-0.6204
-0.29991615,-0.5035
-0.2977273,-0.168
-0.29857606,1.5757
-0.30075344,1.213
-0.292885,1.5518
-0.29254243,1.0692
-0.29021564,0.17
-0.29198566,0.174
-0.29863814,0.7042
-0.29501957,0.0552
-0.3050059,0.4912
-0.29137605,-0.2882
-0.3000251,-0.2226
-0.29440627,0.5449
-0.30114147,-0.1992
-0.29900846,-0.2551
-0.3032579,-0.3722
-0.2961938,-0.3761
-0.29038817,-0.4361
-0.29685977,-0.3039
-0.29927835,-0.4602
-0.30204886,0.5931
-0.29470947,0.5415
-0.28462,0.4917
-0.27672857,0.1275
-0.29397768,-0.4628
-0.28501582,0.1579
-0.27841705,-0.2571
-0.28505665,-0.3914
-0.29865277,-0.5545
-0.30115068,-0.2954
-0.29515073,-0.5415
-0.271911,-0.2837
-0.2654003,-0.2857
-0.2900084,-0.47
-0.28438765,-0.1453
-0.29891786,0.1869
-0.2999299,-0.3832
-0.28435194,-0.2722
-0.29920045,-0.5156
-0.2900374,-0.0084
-0.2970928,-0.0437
-0.28720775,0.81
-0.31041434,0.5481
-0.30715603,0.4696
-0.26896566,0.1561
-0.26105332,0.1826
-0.32465604,-0.2277
-0.30086654,-0.1924
-0.32334563,-0.3683
-0.30857563,0.8521
-0.284628,0.4019
-0.3073792,0.1423
-0.2939342,0.4099
-0.3017278,-0.1046
-0.2732118,0.1996
-0.30444112,0.2002
-0.2971052,1.0216
-0.30142877,0.4955
-0.2801324,-0.3572
-0.30073938,0.6654
-0.3152404,1.116
-0.29318812,0.2796
-0.30782422,0.3343
-0.33545917,0.2696
-0.32237047,0.1556
-0.32049096,0.2915
-0.3170855,-0.1505
-0.26165056,0.3704
-0.275198,-0.1395
-0.27758855,0.1833
-0.32479355,0.5696
-0.26946425,0.4549
-0.30040643,1.0591
-0.3029494,0.6818
-0.27962488,0.2413
-0.2983852,0.4777
-0.3845054,-0.2111
-0.30133152,0.0628
-0.27185568,-0.2135
-0.32207218,-0.3413
-0.37938893,0.3082
-0.31406742,-0.1441
-0.26318422,0.0304
-0.2636177,0.0244
-0.2749229,-0.5116
-0.2308102,-0.6524
-0.29471558,-0.6186
-0.30717635,-0.6819
-0.28874803,-0.6605
-0.28561375,-0.3897
-0.25798568,-0.6488
-0.25617346,-0.0192
-0.24247727,-0.1494
-0.2406659,-0.3065
-0.25713834,0.076
-0.26586077,0.5153
-0.26473528,0.1095
-0.24629429,-0.2291
-0.29155624,-0.0614
-0.29311296,-0.1987
-0.20662454,0.8694
-0.31556416,-0.2052
-0.28866133,-0.5686
-0.30134356,-0.5097
-0.29657635,-0.705
-0.2922964,-0.6195
-0.28528008,-0.4921
-0.29766846,-0.2806
-0.29903403,-0.731
-0.29599413,-0.8003
-0.28913867,-0.7961
-0.29151064,-0.7938
-0.29205427,-0.6914
-0.29152521,-0.7691
-0.29505202,-0.7626
-0.29007193,-0.7158
-0.29408517,-0.5516
-0.29903167,-0.721
-0.29381597,-0.6124
-0.29898503,-0.2594
-0.29790524,-0.055
-0.29191193,-0.1474
-0.29440826,-0.3482
-0.29809093,-0.3296
-0.29773077,-0.4372
-0.29820648,-0.4866
-0.29636925,-0.4889
-0.30077958,-0.4967
-0.31370965,-0.5233
-0.30578133,-0.0533
-0.31624365,-0.4632
-0.3097269,-0.5581
-0.3141879,-0.5698
-0.30402735,-0.6836
-0.2961908,-0.5594
-0.3005198,-0.6295
-0.2954068,-0.4189
-0.30699337,-0.2309
-0.3045643,-0.6043
-0.30575943,-0.5691
-0.2966876,-0.2967
-0.29710373,-0.378
-0.30719405,-0.156
-0.2977509,-0.4983
-0.3047023,-0.4892
-0.29198906,-0.5419
-0.2995664,-0.5145
-0.30437768,-0.5686
-0.3062821,-0.5773
-0.30551845,-0.3526
-0.30471605,-0.4268
-0.32060435,-0.5561
-0.3020125,-0.6329
-0.31109166,-0.5256
-0.30864668,-0.0383
-0.31309238,0.2404
-0.31589925,-0.1609
-0.27015248,-0.5854
-0.2992652,-0.3744
-0.28944808,0.0562
-0.31492016,0.6822
-0.29339755,-0.0695
-0.29795232,-0.6189
-0.3024571,-0.4125
-0.29899263,0.4155
-0.29858756,0.2087
-0.3067974,-0.2311
-0.30702186,0.1559
-0.29933175,-0.2148
-0.30017713,-0.1913
-0.30365855,-0.0084
-0.30127963,-0.301
-0.30166584,-0.0382
-0.29412425,-0.2158
-0.30458075,0.0124
-0.3037829,-0.1456
-0.29485005,-0.6072
-0.29844487,-0.4724
-0.3075298,-0.4492
-0.3257124,-0.3939
-0.30447015,-0.1824
-0.29770175,0.2862
-0.29917026,0.66
-0.30070916,0.5426
-0.29927045,-0.1732
-0.29727197,0.5267
-0.30213407,-0.138
-0.30200237,-0.0445
-0.2987312,0.2343
-0.30178422,0.2306
-0.3003927,-0.2517
-0.30039552,-0.3877
-0.30143252,-0.336
-0.29758543,0.1002
-0.29750854,-0.3361
-0.30031458,-0.5493
-0.30353028,-0.2187
-0.30191433,0.4749
-0.2964378,0.3141
-0.29686594,0.4483
-0.28531182,0.9089
-0.29753575,-0.1171
-0.2992079,0.0295
-0.29920545,-0.4326
-0.29521272,-0.6572
-0.29723424,-0.694
-0.29384854,-0.7759
-0.29553443,-0.6975
-0.29225004,-0.7518
-0.2986063,-0.0994
-0.2924625,-0.3056
-0.29912493,-0.4388
-0.29776722,-0.4184
-0.29486793,-0.6841
-0.30133364,-0.2467
-0.29946935,-0.4555
-0.30120578,-0.6881
-0.29750913,-0.6143
-0.29855737,-0.6807
-0.30743277,-0.7163
-0.30333152,-0.4588
-0.30053127,-0.4411
-0.2998956,-0.2355
-0.30069882,-0.5926
-0.30004728,-0.2415
-0.29979655,-0.2444
-0.2965163,-0.6494
-0.2963252,-0.4817
-0.30290046,-0.6205
-0.2936804,-0.6225
-0.29662102,-0.6032
-0.3014985,-0.6676
-0.30349997,-0.2681
-0.30306083,-0.6069
-0.3077204,-0.6074
-0.30286205,-0.6065
-0.29625568,-0.5522
-0.29378456,-0.2555
-0.31125307,0.0081
-0.30207917,-0.0637
-0.32369024,0.1742
-0.3003921,-0.2919
-0.3014533,0.128
-0.30134833,-0.3302
-0.29849508,-0.5812
-0.2988758,-0.614
-0.29650193,-0.6417
-0.30079463,-0.7093
-0.29808897,-0.682
-0.29158488,-0.303
-0.29805392,-0.1995
-0.29137945,0.1731
-0.29267555,-0.322
-0.28986996,0.2795
-0.315845,-0.1134
-0.29817605,-0.5727
-0.2841003,-0.5298
-0.30240762,-0.6429
-0.29892862,-0.7364
-0.30567193,-0.4434
-0.31753114,0.3909
-0.2993548,-0.6186
-0.29991078,-0.0949
-0.3011545,-0.6002
-0.2987224,-0.6985
-0.29843897,-0.5625
-0.29806393,-0.7063
-0.29803863,-0.4037
-0.2976993,-0.6301
-0.29884294,-0.6833
-0.30162448,-0.6289
-0.29495597,-0.5292
-0.29964244,-0.7351
-0.30255508,-0.7242
-0.30647668,-0.5285
-0.29330152,-0.7004
-0.2928068,-0.3645
-0.29177797,-0.7454
-0.29257083,-0.5894
-0.2987885,-0.4876
-0.2953666,0.2023
-0.30012104,-0.442
-0.29937723,-0.785
-0.29836592,-0.7557
-0.29947716,-0.8221
-0.30115515,-0.7762
-0.3008562,-0.8325
-0.2998842,-0.6884
-0.300971,-0.8003
-0.29745424,-0.7736
-0.29292142,-0.2301
-0.29352793,-0.7967
-0.304945,-0.6998
-0.29022405,-0.758
-0.29641694,-0.8646
-0.2731297,-0.8032
-0.2990499,-0.7192
-0.3040892,-0.5331
-0.26948768,0.0867
-0.26913854,-0.1846
-0.3317414,-0.1469
-0.29959252,-0.378
-0.29935956,-0.5825
-0.29510468,-0.4108
-0.29740283,-0.2637
-0.29209036,-0.7509
-0.29617903,-0.7593
-0.28697065,-0.3803
-0.29416233,-0.7626
-0.30142,-0.8143
-0.29224336,-0.7024
-0.29484338,-0.7759
-0.30095965,-0.5189
-0.31312692,-0.6251
-0.31725562,-0.3276
-0.32994592,-0.3891
-0.24885993,-0.4635
-0.30065438,-0.3426
-0.30867,-0.6937
-0.22639215,-0.5765
-0.24538809,-0.2929
-0.3003881,-0.2923
-0.2985199,0.9651
-0.2969389,0.6018
-0.29935405,0.9432
-0.3017053,-0.371
-0.2919268,-0.5662
-0.2948311,-0.4446
-0.29056305,-0.5766
-0.30077603,-0.6738
-0.29384875,-0.718
-0.29466784,-0.7382
-0.3088638,-0.5926
-0.29604775,-0.449
-0.2929436,0.1405
-0.27963048,-0.5276
-0.2587468,-0.5926
-0.33031067,-0.408
-0.32889158,-0.4625
-0.29099548,-0.1692
-0.33049417,-0.2954
-0.30059993,2.4852
-0.2981835,0.3784
-0.29574376,0.4359
-0.2946053,0.4952
-0.2955708,0.2003
-0.29481828,0.1023
-0.30139405,-0.0277
-0.29047063,-0.1804
-0.29586533,0.6665
-0.2957735,0.2354
-0.29326585,0.1151
-0.29691008,0.6902
-0.2955964,0.3821
-0.30314252,0.4959
-0.29388854,0.5948
-0.2941337,0.0856
-0.2930337,-0.3052
-0.28917298,-0.0334
-0.2923216,-0.317
-0.2987734,0.0872
-0.29994482,-0.3203
-0.2968981,-0.1862
-0.29845428,-0.273
-0.29413083,-0.6052
-0.2987941,-0.6504
-0.29154238,-0.6085
-0.2918909,-0.6719
-0.2893402,-0.5119
-0.29552492,-0.287
-0.28959545,-0.4758
-0.29319796,-0.5165
-0.29172888,-0.406
-0.29801774,-0.5721
-0.29653236,-0.6917
-0.29513937,-0.5509
-0.29809877,-0.6426
-0.2971966,-0.2645
-0.29966664,-0.5109
-0.29616556,-0.0972
-0.30729648,1.963
-0.3023585,-0.7398
-0.3020021,-0.6215
-0.29930073,-0.4463
-0.29685497,-0.6744
-0.29409897,-0.6933
-0.28854448,-0.4866
-0.29105195,-0.7112
-0.29392695,-0.7782
-0.30102292,-0.6072
-0.29950154,-0.7694
-0.29832214,-0.773
-0.29638,-0.8386
-0.30282435,-0.588
-0.3019158,-0.5867
-0.30137205,-0.5292
-0.3048772,-0.511
-0.30019733,-0.5048
-0.29750115,-0.5158
-0.29959914,-0.3284
-0.30074093,-0.2798
-0.29868793,0.4244
-0.2987473,-0.4255
-0.29568842,-0.2107
-0.29552072,-0.4957
-0.29595143,-0.6071
-0.2943869,-0.5357
-0.29475224,-0.6629
-0.28922042,-0.68
-0.29968813,-0.5539
-0.29805604,-0.3809
-0.2924292,-0.783
-0.31969965,-0.5545
-0.317486,-0.5113
-0.31124377,-0.406
-0.3110251,-0.5301
-0.3255888,-0.7987
-0.29571998,-0.799
-0.31051683,-0.7509
-0.26384354,-0.6319
-0.29520595,-0.3191
-0.29320493,0.2689
-0.29725713,-0.3475
-0.2989706,0.0804
-0.29837194,-0.406
-0.29912296,-0.7395
-0.29866397,-0.6167
-0.29454428,-0.5737
-0.290272,-0.7323
-0.30589756,-0.6963
-0.2886338,-0.7147
-0.29719555,-0.3363
-0.29216722,-0.337
-0.2817617,-0.5581
-0.29344288,-0.5763
-0.2994248,-0.629
-0.29137522,-0.6016
-0.27990115,-0.5279
-0.25742355,-0.6056
-0.27156138,-0.5613
-0.35079062,-0.221
-0.29907006,-0.0172
-0.29980057,-0.0393
-0.30420443,-0.5399
-0.30453208,-0.508
-0.3034538,-0.5503
-0.3013561,-0.485
-0.29887676,-0.695
-0.30256817,-0.629
-0.30043778,-0.4818
-0.2981638,-0.175
-0.29812554,-0.6273
-0.30193228,-0.3367
-0.30321848,-0.4112
-0.30199373,-0.4664
-0.30366492,-0.5184
-0.3082137,0.0592
-0.3095972,-0.0835
-0.29565635,-0.4346
-0.31004107,-0.3565
-0.33352703,-0.2488
-0.30335256,0.0098
-0.302258,-0.2317
-0.30321747,0.541
-0.29948324,0.5481
-0.29662812,0.8288
-0.29769152,0.2563
-0.30061024,-0.1904
-0.29697084,-0.483
-0.30121604,-0.2258
-0.29723802,-0.1515
-0.30172595,-0.1894
-0.29619482,0.134
-0.30251595,-0.3398
-0.29752696,-0.3694
-0.3062141,-0.2932
-0.3088391,-0.2171
-0.30712563,-0.0064
-0.30119947,-0.1501
-0.29693744,0.9084
-0.30626303,1.4186
-0.30083683,0.3901
-0.30011556,0.4452
-0.30145362,-0.0327
-0.29626182,-0.1956
-0.2946708,-0.3621
-0.30433375,-0.4037
-0.2907092,-0.3809
-0.29436818,-0.6455
-0.2926693,-0.3726
-0.29014254,-0.4193
-0.30043283,-0.4697
-0.30009088,-0.5926
-0.29788128,0.3412
-0.29835522,-0.4895
-0.29718626,-0.3962
-0.29495728,-0.3266
-0.30029696,-0.4645
-0.2969114,-0.1865
-0.2999568,-0.4125
-0.30063584,-0.5208
-0.30069792,0.0036
-0.30474812,0.0549
-0.3060695,-0.1443
-0.30715358,0.252
-0.30470687,0.4776
-0.29303476,0.3089
-0.30769622,1.0406
-0.29994857,0.0536
-0.29899228,0.3677
-0.28861442,0.2432
-0.2975984,0.1828
-0.29725662,0.0404
-0.30157897,0.2469
-0.29385373,-0.3136
-0.29190522,-0.2512
-0.29898414,-0.302
-0.3001511,-0.1784
-0.29449856,-0.1696
-0.29736117,0.2602
-0.29795957,0.1944
-0.2976348,-0.2311
-0.30153683,-0.0676
-0.29833543,-0.3052
-0.30205733,-0.3683
-0.29870692,-0.3803
-0.3058362,-0.4359
-0.29163116,-0.1186
-0.29404387,-0.3029
-0.29063547,-0.1747
-0.30109727,0.5299
-0.2940938,-0.0607
-0.2951648,0.2783
-0.29750577,1.0023
-0.2980771,-0.0484
-0.29951006,-0.0744
-0.29322872,-0.3299
-0.29101706,-0.5395
-0.2959601,-0.2662
-0.2933595,-0.4209
-0.2965917,0.0056
-0.29874733,-0.002
-0.3010428,0.3111
-0.29970866,0.0339
-0.29362032,-0.5417
-0.29563144,-0.1604
-0.29412225,-0.2348
-0.28797063,-0.1793
-0.29499185,-0.2768
-0.30083692,0.1057
-0.29409015,-0.0614
-0.28954798,-0.0363
-0.29551026,-0.1453
-0.3024639,-0.2317
-0.29640818,-0.2739
-0.29720268,0.5765
-0.29104075,1.3756
-0.2907845,0.3263
-0.29403147,0.4031
-0.29717332,0.5013
-0.29845908,0.0852
-0.29884872,-0.3242
-0.29840335,-0.0793
-0.29317835,0.1424
-0.29510555,-0.1002
-0.2984575,-0.5428
-0.3028933,-0.2285
-0.29982898,0.9338
-0.3007784,0.0752
-0.2981808,0.1856
-0.30280462,-0.2882
-0.3011338,-0.0118
-0.29983765,0.6293
-0.30120617,0.7221
-0.2993661,-0.0399
-0.29846963,-0.3995
-0.3004372,-0.1608
-0.29815528,-0.2361
-0.29843134,-0.05
-0.29417932,0.562
-0.30316192,2.4154
-0.2948962,0.5878
-0.2910992,0.6568
-0.29954916,0.2074
-0.30406064,0.635
-0.30177194,0.0569
-0.29040644,-0.3454
-0.29271057,-0.1431
-0.30050945,-0.0698
-0.30212513,-0.2337
-0.30292016,0.1686
-0.2941078,-0.2
-0.30375564,0.4085
-0.298058,0.4353
-0.29631287,-0.1531
-0.30070755,-0.2974
-0.29125866,0.1127
-0.29321465,0.5417
-0.2937042,0.3992
-0.29437542,0.8157
-0.29204464,1.2727
-0.30844823,-0.2789
-0.29154727,1.1197
-0.3065155,0.342
-0.304408,0.6321
-0.29774332,-0.3131
-0.30521056,-0.325
-0.2903875,-0.2802
-0.28578267,-0.1757
-0.2923041,-0.2928
-0.2927575,-0.1799
-0.29509163,0.1844
-0.29731447,-0.107
-0.29042745,-0.5061
-0.29944867,-0.1924
-0.29619104,-0.5067
-0.29532427,-0.4513
-0.27893096,-0.1105
-0.28163585,-0.4433
-0.27602607,-0.4105
-0.2713604,0.1906
-0.29295966,0.1457
-0.2973844,0.698
-0.30562538,0.0495
-0.29952466,-0.3605
-0.28826982,-0.6091
-0.28159314,-0.5734
-0.2777944,-0.3764
-0.28456423,-0.6751
-0.28840148,0.3692
-0.3137563,-0.1128
-0.3014449,-0.2767
-0.29278815,-0.4014
-0.29147807,-0.0159
-0.29907835,-0.1332
-0.29905918,-0.4115
-0.2935738,-0.5071
-0.29889575,-0.4094
-0.29086238,0.449
-0.29931423,-0.1561
-0.2812556,1.1096
-0.30081078,-0.039
-0.30646834,-0.3631
-0.29725006,-0.4745
-0.30454642,-0.3677
-0.30027318,-0.6633
-0.2967501,-0.472
-0.30093548,-0.5589
-0.2953908,-0.6876
-0.30191216,-0.5142
-0.29660535,-0.6631
-0.29665557,-0.5305
-0.2979735,-0.524
-0.29941806,-0.6547
-0.30075112,-0.7011
-0.2978821,-0.5756
-0.29953027,-0.5003
-0.29692876,-0.586
-0.2983247,-0.4225
-0.30087847,0.0651
-0.30117565,0.1652
-0.30006182,-0.1075
-0.2994811,0.0147
-0.30114913,-0.0666
-0.30252895,-0.4801
-0.2996539,-0.7314
-0.29530364,-0.6745
-0.2975034,-0.5382
-0.29488653,-0.5913
-0.29499334,-0.5987
-0.29858443,-0.3966
-0.29880905,-0.3301
-0.2983557,-0.1829
-0.29765573,-0.4663
-0.30217272,-0.5144
-0.2957979,-0.4686
-0.2972696,-0.4531
-0.30153584,-0.0575
-0.295677,1.0049
-0.30407014,0.7968
-0.3065545,0.5807
-0.30421916,0.8339
-0.29490188,-0.1739
-0.30242825,-0.3328
-0.29642653,-0.0506
-0.29174745,-0.1421
-0.30304646,-0.1562
-0.2945132,-0.0601
-0.3032672,0.2643
-0.30088857,0.3011
-0.29937574,-0.0743
-0.2983092,-0.1901
-0.29878584,-0.3526
-0.2989717,-0.5594
-0.3008466,-0.6732
-0.3029108,-0.4681
-0.29992753,-0.5054
-0.30446604,0.0191
-0.29942378,0.7666
-0.29907274,0.8599
-0.29749957,0.7039
-0.29134238,0.7248
-0.294707,0.6394
-0.28726953,1.0492
-0.3074455,1.5912
-0.2905161,-0.3978
-0.30644542,-0.391
-0.29361966,-0.1443
-0.2975381,-0.1748
-0.29713857,0.7145
-0.28749937,-0.3234
-0.2939873,-0.3996
-0.29441172,-0.4957
-0.29301146,-0.4521
-0.29357293,-0.4837
-0.29085472,-0.7011
-0.29253718,-0.3076
-0.30082545,-0.6079
-0.29495832,0.1646
-0.29791924,0.6305
-0.29756987,0.201
-0.30877745,-0.3961
-0.30274722,-0.3039
-0.29965276,-0.6209
-0.3017288,-0.6028
-0.3063544,-0.2509
-0.29267305,-0.5013
-0.29068765,0.6483
-0.29441148,0.6856
-0.29834974,0.9973
-0.28997847,0.0073
-0.29535392,-0.1863
-0.2764057,-0.3802
-0.31604367,-0.4643
-0.28345272,-0.7128
-0.28694278,-0.6932
-0.30170852,-0.5442
-0.2911995,-0.4051
-0.29479623,-0.2547
-0.29771182,-0.6069
-0.29612035,0.4067
-0.30026692,-0.3534
-0.29298657,-0.1901
-0.3010971,-0.5682
-0.29639173,-0.2127
-0.299201,-0.6306
-0.3000433,-0.5038
-0.29526958,-0.7301
-0.2932378,-0.6904
-0.29605207,-0.7245
-0.2940602,-0.8081
-0.30008018,-0.3525
-0.29390013,-0.2031
-0.29406902,-0.4196
-0.2960248,-0.7444
-0.2978889,0.5051
-0.29850733,-0.4746
-0.30018112,-0.5093
-0.30057517,-0.55
-0.3009992,-0.273
-0.30045944,-0.2984
-0.29972848,0.1935
-0.30009112,0.1662
-0.30117574,0.1231
-0.298199,0.3015
-0.29849365,0.4919
-0.30156377,-0.2015
-0.29861265,-0.547
-0.29709214,-0.5557
-0.30017644,-0.4372
-0.29993302,-0.3452
-0.29959217,-0.0945
-0.2989764,-0.2457
-0.29847983,-0.3076
-0.2985704,-0.4557
-0.2992963,-0.0372
-0.30803698,-0.3982
-0.30283186,-0.4424
-0.3054794,-0.4869
-0.29812458,-0.0981
-0.2975894,-0.0567
-0.2976263,-0.6901
-0.29929814,-0.3404
-0.300103,0.3216
-0.29863235,-0.4138
-0.30015406,-0.6904
-0.2950629,-0.5482
-0.29398507,-0.4481
-0.2956119,-0.4866
-0.2990321,0.3803
-0.30172107,0.0984
-0.29929203,-0.3367
-0.29980856,-0.4242
-0.30001032,0.2162
-0.29648337,-0.2229
-0.29783767,0.1874
-0.29960293,0.1181
-0.30232805,-0.2399
-0.29936272,-0.327
-0.30283642,-0.1257
-0.29588324,0.5315
-0.29710835,-0.3362
-0.30101585,-0.1363
-0.2948419,0.1775
-0.2968444,-0.4703
-0.29588985,-0.5344
-0.30222517,-0.6709
-0.29353482,-0.6421
-0.30078995,-0.7773
-0.29586282,-0.3895
-0.2978332,-0.6039
-0.30389225,-0.4669
-0.29737097,-0.4926
-0.29981285,-0.524
-0.29952413,-0.6826
-0.30219948,0.1457
-0.30277163,-0.5578
-0.3036785,-0.3792
-0.30001277,-0.6818
-0.29604748,-0.3689
-0.29221195,-0.3231
-0.29435885,-0.4066
-0.29556426,-0.4781
-0.29516944,-0.4617
-0.29958746,-0.5477
-0.29632616,-0.7232
-0.30091158,-0.2552
-0.29582912,-0.7187
-0.2964291,-0.7743
-0.2964509,-0.7394
-0.30118418,-0.7996
-0.2995116,-0.7203
-0.2930482,-0.6803
-0.29999208,-0.6394
-0.30614927,-0.588
-0.29674733,-0.3833
-0.3032744,-0.4251
-0.30159697,-0.371
-0.30148137,-0.5298
-0.29805958,-0.5327
-0.30052477,-0.1875
-0.2945547,-0.5893
-0.29263002,-0.4235
-0.29313353,-0.0646
-0.29599777,-0.5985
-0.29587045,-0.5896
-0.29864308,-0.6491
-0.3000125,-0.352
-0.29719287,-0.3999
-0.2990279,-0.6059
-0.298096,-0.693
-0.29695398,-0.6842
-0.30241346,-0.5064
-0.30882588,-0.679
-0.30481037,-0.5933
-0.32658404,-0.5987
-0.2852252,-0.6686
-0.33060914,-0.4056
-0.2732911,-0.5955
-0.30966997,-0.2106
-0.31108677,0.1398
-0.2937757,-0.2142
-0.3002298,-0.5083
-0.29829976,-0.4659
-0.30055112,-0.6611
-0.29682323,-0.152
-0.30231524,0.0242
-0.30182853,-0.337
-0.30627748,-0.6859
-0.3012405,-0.2144
-0.30622894,-0.596
-0.3091958,-0.2546
-0.29857624,-0.5431
-0.3151644,-0.6266
-0.2874647,-0.3161
-0.30914748,-0.3832
-0.3022458,-0.5425
-0.31247678,-0.5212
-0.32090518,0.5631
-0.31482464,-0.2242
-0.2973426,-0.3501
-0.29915383,0.0573
-0.29946107,0.6013
-0.29856175,0.2903
-0.29956052,0.646
-0.30143583,-0.1189
-0.30078793,-0.4489
-0.30066237,-0.6905
-0.29995742,-0.6218
-0.30246055,-0.0737
-0.30245242,-0.6047
-0.29807755,-0.4595
-0.30360994,-0.4127
-0.29481223,-0.5825
-0.31527406,-0.5981
-0.29014003,-0.3647
-0.29843107,-0.707
-0.3137051,-0.6722
-0.30594918,-0.5717
-0.2830808,-0.3578
-0.3184409,0.0835
-0.30024776,-0.268
-0.30031902,-0.0326
-0.30018654,-0.5244
-0.29756102,0.0533
-0.29649103,-0.1155
-0.29547602,-0.5635
-0.29404756,-0.5868
-0.29357454,-0.2871
-0.29354388,-0.1115
-0.29895085,-0.2785
-0.29896042,-0.2733
-0.30146325,-0.6088
-0.29071224,-0.1872
-0.29703417,-0.6348
-0.30320084,-0.1866
-0.30260238,-0.3222
-0.30052736,0.0738
-0.30423856,-0.7587
-0.2988977,-0.4956
-0.31204647,-0.1588
-0.2960005,-0.2762
-0.2964867,-0.4826
-0.29226437,-0.3012
-0.29706672,-0.7281
-0.2928874,-0.7128
-0.29175857,-0.4395
-0.29877833,-0.5454
-0.29413623,-0.7843
-0.29891127,-0.6631
-0.29526508,-0.5727
-0.2981754,-0.7184
-0.30151114,-0.6098
-0.30262443,-0.6158
-0.3021107,-0.5997
-0.30062756,-0.6219
-0.30415463,0.1363
-0.30611008,0.462
-0.30728155,-0.1939
-0.30722755,-0.0543
-0.3041778,0.5644
-0.29676613,-0.4765
-0.29518247,-0.5311
-0.29831114,-0.4846
-0.2956753,-0.709
-0.29491344,-0.6702
-0.2996538,-0.6686
-0.29897457,-0.4277
-0.30154338,-0.3275
-0.3044557,-0.5695
-0.29984808,-0.3852
-0.29953876,-0.0769
-0.29777324,-0.1514
-0.30936012,-0.6255
-0.30741867,-0.7259
-0.30937177,-0.4724
-0.3098308,-0.6867
-0.31973934,-0.7525
-0.32084054,-0.6091
-0.28186008,-0.5887
-0.3001488,-0.418
-0.29837576,-0.17
-0.29809365,-0.1335
-0.29857585,-0.1272
-0.30025858,0.2365
-0.30151573,0.2202
-0.29884973,0.2398
-0.2932863,-0.441
-0.30199283,-0.6181
-0.2930729,-0.4901
-0.29606944,-0.6287
-0.29213592,-0.6479
-0.29633826,-0.7056
-0.31269634,-0.6694
-0.3052159,-0.367
-0.3172545,-0.6739
-0.32286835,-0.676
-0.28876618,-0.348
-0.30345893,-0.5745
-0.2874841,-0.4696
-0.26437992,-0.3132
-0.2994719,-0.5379
-0.2993403,-0.4106
-0.29994375,-0.6446
-0.29891884,-0.6547
-0.29916927,-0.6225
-0.29945067,0.8336
-0.29968905,-0.4791
-0.29765105,-0.806
-0.2992511,-0.0073
-0.29802343,-0.6404
-0.3019301,-0.6568
-0.3030533,-0.5594
-0.30057287,-0.5831
-0.30541617,-0.5416
-0.30290037,-0.4992
-0.29737967,-0.682
-0.3093803,-0.703
-0.32119,-0.6257
-0.301739,-0.4361
-0.32475692,-0.4619
-0.29412732,-0.3006
-0.29786777,-0.7026
-0.29476655,-0.6676
-0.2970627,-0.6771
-0.30027083,-0.8134
-0.29870477,-0.573
-0.29639113,-0.0551
-0.2975341,-0.5438
-0.2974516,-0.4023
-0.29865327,-0.5558
-0.30088854,-0.6436
-0.29620364,-0.7732
-0.30687034,-0.5342
-0.30237538,-0.7544
-0.30698147,-0.4075
-0.31240004,-0.561
-0.3134175,-0.0558
-0.30899963,-0.5422
-0.3043389,-0.5001
-0.31141758,-0.1044
-0.29589608,0.2341
-0.2975455,-0.3611
-0.29559472,-0.338
-0.29774705,-0.4479
-0.29557574,-0.5207
-0.30203694,-0.5002
-0.30483967,-0.2216
-0.29278713,-0.301
-0.3008337,-0.4362
-0.29870874,-0.3214
-0.303357,-0.5649
-0.3006663,-0.4284
-0.29510123,-0.4564
-0.32396907,-0.5763
-0.30531573,-0.4812
-0.2966074,-0.1118
-0.3184854,-0.4342
-0.30219883,-0.665
-0.31084728,-0.681
-0.3389001,0.1513
-0.28761685,1.1174
-0.2916049,0.4409
-0.28855446,-0.003
-0.29680794,-0.5671
-0.2884343,-0.2659
-0.29565695,-0.5033
-0.30156642,0.1229
-0.28309563,-0.0867
-0.29992992,0.4244
-0.30061826,-0.629
-0.30174026,-0.2046
-0.29242617,0.2731
-0.2998464,-0.0425
-0.299672,0.108
-0.30113676,-0.0451
-0.29862136,-0.1328
-0.29142356,-0.3986
-0.29553702,-0.4569
-0.2954168,-0.2385
-0.30233276,0.3736
-0.27666888,0.196
-0.30333596,-0.3787
-0.28674033,-0.4487
-0.27569178,-0.2861
-0.27994943,-0.4833
-0.2841917,-0.5026
-0.30325794,-0.5565
-0.27460197,-0.702
-0.27484718,-0.7448
-0.2820482,-0.7386
-0.2737974,-0.7731
-0.2976536,-0.7089
-0.2865111,-0.4934
-0.28722513,-0.7388
-0.2964835,-0.5252
-0.2866463,-0.5028
-0.3004227,-0.4017
-0.28770557,-0.4955
-0.30022103,-0.1787
-0.2938517,-0.2138
-0.29171664,-0.562
-0.28795826,-0.682
-0.28486997,-0.6127
-0.29699838,-0.589
-0.29113066,-0.8032
-0.29437315,-0.4586
-0.29309097,-0.3985
-0.2989331,-0.6501
-0.30101696,-0.6667
-0.295931,-0.7281
-0.29508734,-0.7278
-0.29582006,-0.6416
-0.29338524,-0.4801
-0.30042768,-0.6644
-0.30064958,-0.6199
-0.30200028,-0.6504
-0.3009023,-0.4632
-0.29783222,-0.4966
-0.30346224,-0.5266
-0.30019063,-0.2972
-0.29851156,-0.5048
-0.29892167,-0.3673
-0.29921815,-0.3751
-0.2977666,0.2562
-0.29935935,0.8682
-0.29980278,0.5073
-0.2989955,-0.1274
-0.30126888,-0.5909
-0.30150276,-0.4181
-0.30169168,-0.5028
-0.30027342,-0.5617
-0.3098406,-0.6573
-0.29663604,-0.6403
-0.30626512,-0.5092
-0.30773422,-0.5691
-0.3143099,-0.6671
-0.2974018,-0.706
-0.29559973,-0.6881
-0.28987977,-0.5142
-0.31911075,-0.3318
-0.30052873,-0.4669
-0.29974577,-0.3164
-0.3009037,-0.6615
-0.2990993,-0.6878
-0.29926187,-0.5935
-0.3013685,-0.4843
-0.30131093,-0.7037
-0.30338776,-0.5345
-0.30208328,-0.4714
-0.2994658,-0.5747
-0.30181238,-0.2967
-0.30254406,-0.5565
-0.30444318,-0.5176
-0.31123668,-0.7431
-0.29801583,-0.6145
-0.30715507,0.4036
-0.3016077,-0.3415
-0.29570445,-0.4128
-0.32803133,-0.5352
-0.29554522,-0.3456
-0.30041963,-0.4004
-0.3009594,-0.3801
-0.30048704,0.4002
-0.30379993,-0.3835
-0.29796052,-0.6442
-0.3014742,-0.8074
-0.29878524,-0.8165
-0.30123585,-0.8074
-0.29846653,-0.8292
-0.30061924,-0.7739
-0.29609442,-0.405
-0.2992677,-0.2483
-0.29601148,-0.5984
-0.29690045,-0.7847
-0.3015587,-0.4759
-0.29422796,-0.5997
-0.3046714,-0.378
-0.30427927,-0.1748
-0.2806155,-0.3436
-0.27625653,-0.4065
-0.29511312,-0.6699
-0.29824027,-0.4902
-0.30140838,-0.444
-0.3003519,-0.6725
-0.2959999,-0.6839
-0.2957193,-0.802
-0.29129827,-0.592
-0.29904643,-0.6295
-0.30929542,-0.7739
-0.30898985,-0.8685
-0.29084766,-0.8182
-0.3144317,-0.3787
-0.2982273,-0.8312
-0.33602867,-0.8806
-0.31623054,-0.8578
-0.2808385,-0.3556
-0.3461139,-0.616
-0.2821752,-0.337
-0.30204627,-0.3065
-0.23944342,-0.5935
-0.3002949,0.3884
-0.2994082,-0.6085
-0.2996592,-0.5493
-0.30103603,-0.6982
-0.29935634,-0.8042
-0.29919153,-0.8192
-0.3048901,-0.8323
-0.3003693,-0.8006
-0.29212683,-0.7607
-0.30282244,-0.6413
-0.28645518,-0.7008
-0.28403634,-0.7759
-0.29274663,-0.7858
-0.26082468,-0.8471
-0.34159684,-0.7808
-0.28202492,-0.7912
-0.23372598,-0.8026
-0.26543838,-0.4177
-0.2823553,-0.7297
-0.30773586,0.0657
-0.29964522,0.2626
-0.297408,-0.2954
-0.29526326,0.0575
-0.29710662,-0.6189
-0.2972705,-0.7291
-0.29181197,-0.626
-0.29976296,-0.7752
-0.28605634,-0.6946
-0.3022689,-0.5044
-0.2905202,-0.7122
-0.3007476,-0.6417
-0.308425,-0.8045
-0.31069505,-0.5185
-0.301451,-0.8507
-0.34089655,-0.7977
-0.3453243,-0.6865
-0.2690351,-0.7444
-0.3541352,-0.733
-0.31546405,-0.5758
-0.3921405,-0.2658
-0.29662925,-0.6013
-0.29717788,-0.2426
-0.29777962,-0.3468
-0.29909024,-0.4586
-0.29415712,-0.321
-0.29222175,-0.4908
-0.29233533,-0.4593
-0.30434144,-0.746
-0.29318523,-0.7291
-0.2773409,-0.8035
-0.29879504,-0.7496
-0.2953606,-0.6956
-0.3036914,-0.5616
-0.2783966,-0.826
-0.29869667,-0.7265
-0.3169039,-0.574
-0.2785337,-0.681
-0.2740157,-0.6618
-0.3137846,-0.4718
-0.27051,-0.6166
-0.29918614,-0.6244
-0.3006067,-0.5025
-0.3020993,-0.5636
-0.29932076,-0.7743
-0.29908368,-0.5773
-0.29854354,-0.6592
-0.29878148,-0.7127
-0.3055236,-0.5197
-0.29585406,-0.6867
-0.30543256,-0.7505
-0.3068838,-0.7922
-0.29428735,-0.7115
-0.3049534,-0.6835
-0.32072955,-0.4885
-0.30959904,-0.5233
-0.34000906,-0.6327
-0.24926786,-0.6865
-0.2873872,-0.7138
-0.2238497,-0.759
-0.27044058,-0.3866
-0.29974028,0.0134
-0.3015307,-0.5271
-0.30010858,-0.5509
-0.30265224,-0.4609
-0.29536834,-0.653
-0.30094755,-0.6751
-0.30008063,-0.7492
-0.287681,-0.6735
-0.30152678,-0.744
-0.30091405,-0.6484
-0.31250587,-0.7596
-0.2582586,-0.6868
-0.29296875,-0.8503
-0.3525719,-0.6088
-0.32291338,-0.6241
-0.27799794,-0.5075
-0.32223096,-0.8197
-0.2856805,-0.6225
-0.3110569,-0.5714
-0.38424397,-0.4017
-0.29980704,-0.6559
-0.29480138,-0.5529
-0.30228442,-0.3201
-0.30225497,-0.694
-0.29933038,-0.8318
-0.30100927,-0.8048
-0.30388942,-0.6436
-0.29014948,-0.4947
-0.2889986,-0.588
-0.29391533,-0.7304
-0.3250692,-0.8295
-0.32554382,-0.797
-0.2892967,-0.6302
-0.3148469,-0.3569
-0.36028612,-0.4316
-0.29518068,-0.6605
-0.288312,-0.7297
-0.39264676,-0.3127
-0.2631192,-0.6059
-0.30148217,-0.2974
-0.29356492,0.5208
-0.2974894,0.647
-0.29917288,-0.0248
-0.29860908,0.4819
-0.2990492,1.646
-0.2942576,0.4314
-0.29542956,-0.0429
-0.2907858,-0.3572
-0.28431925,0.0231
-0.29161346,-0.1225
-0.2957258,-0.1989
-0.30519095,-0.1953
-0.2621525,-0.1293
-0.29733574,-0.4541
-0.31413996,-0.1938
-0.29817972,0.1726
-0.28435764,0.2832
-0.28774756,-0.1713
-0.27812293,-0.1244
-0.26222664,0.1433
-0.3000992,-0.1739
-0.2962459,-0.5565
-0.29699868,-0.3998
-0.2973559,-0.5857
-0.29378894,-0.7323
-0.29284874,-0.6218
-0.2940753,-0.5812
-0.29710686,-0.3423
-0.29954502,-0.4547
-0.2898917,-0.628
-0.2956762,-0.2323
-0.29526278,-0.1355
-0.2976303,-0.0126
-0.30169666,-0.1651
-0.2980485,0.0007
-0.2976467,0.2046
-0.29967114,0.0456
-0.30040422,0.0878
-0.30236882,0.0976
-0.30145353,0.1822
-0.28194872,0.2117
-0.29065967,0.2894
-0.28941017,0.449
-0.29451135,0.452
-0.2913396,0.3783
-0.28749254,0.3284
-0.293851,0.0109
-0.29133686,-0.3822
-0.29826277,-0.3833
-0.29544157,-0.3448
-0.29418597,-0.3794
-0.29704186,-0.4573
-0.29590172,0.8195
-0.29700834,0.3889
-0.2956917,-0.0867
-0.29430315,0.2768
-0.2929046,-0.3363
-0.30314356,-0.2007
-0.29346165,0.1838
-0.28865305,0.935
-0.27994257,0.7598
-0.27348638,0.9637
-0.27744946,0.2031
-0.30546135,-0.0425
-0.27597383,-0.1782
-0.27786204,-0.1993
-0.26760304,0.0997
-0.28562832,-0.1144
-0.26829612,0.3593
-0.27432093,-0.165
-0.2795804,-0.1999
-0.29967704,0.6684
-0.29102218,0.85
-0.27696633,1.1944
-0.2944971,2.0283
-0.2911669,0.6593
-0.2853865,-0.1403
-0.28910217,0.1101
-0.2907865,0.0241
-0.2791775,0.4402
-0.30478582,0.117
-0.28442338,0.2897
-0.2981189,0.4236
-0.2900178,-0.3045
-0.28748578,-0.5808
-0.3227481,-0.3598
-0.3246295,-0.4502
-0.3030587,-0.5236
-0.24362816,-0.5561
-0.25794223,-0.5256
-0.3030171,-0.2347
-0.2947514,-0.2984
-0.24745978,-0.0504
-0.28384352,-0.3442
-0.27018815,-0.4589
-0.30781633,-0.6698
-0.27256972,-0.5689
-0.2150876,-0.4924
-0.26878035,-0.3245
-0.3241276,1.0257
-0.30142128,0.7036
-0.24462625,0.8902
-0.2691754,-0.2502
-0.3334743,-0.1941
-0.2758854,0.5003
-0.32963914,-0.3276
-0.25522605,-0.1631
-0.2724895,-0.5324
-0.28473556,-0.3262
-0.23660713,-0.2455
-0.30527455,-0.2139
-0.23419206,-0.3224
-0.28224435,-0.3472
-0.31004283,-0.2116
-0.29276,-0.419
-0.25454313,-0.0142
-0.2807645,0.0021
-0.23359276,-0.2103
-0.2815862,-0.3171
-0.25305387,-0.4726
-0.30156523,-0.6078
-0.27360868,-0.5875
-0.30166638,-0.348
-0.25653732,-0.0748
-0.2960598,-0.5875
-0.273195,-0.7525
-0.27313146,-0.6948
-0.24521326,-0.6371
-0.24349052,-0.6082
-0.29735667,-0.7408
-0.27516508,-0.5948
-0.2842263,-0.4681
-0.280794,-0.6647
-0.28679278,-0.4098
-0.28426114,-0.6872
-0.27673855,-0.8052
-0.29869223,-0.4265
-0.2949647,-0.4584
-0.28299406,-0.6019
-0.29099396,0.0253
-0.28965288,-0.4317
-0.28890052,0.0384
-0.27657658,-0.6556
-0.2946702,-0.7902
-0.31084538,-0.7073
-0.28430128,-0.7954
-0.29456007,-0.6355
-0.28936982,-0.6917
-0.28475118,-0.3907
-0.29103473,-0.2922
-0.2968635,-0.429
-0.29648203,-0.4599
-0.2957969,-0.5522
-0.29823565,-0.3411
-0.2938501,0.2606
-0.29921323,0.1089
-0.29979312,-0.1466
-0.2969499,0.2162
-0.29546025,0.1808
-0.29884383,-0.0741
-0.29635856,-0.5177
-0.29474422,-0.5223
-0.29572648,-0.5587
-0.29816726,-0.6004
-0.2983499,-0.574
-0.2999024,-0.825
-0.3046956,-0.6807
-0.29999018,-0.8354
-0.2978517,-0.7944
-0.29927248,-0.772
-0.30490977,-0.8172
-0.29976368,-0.6325
-0.2825964,-0.6686
-0.3013798,-0.6818
-0.31135583,-0.7574
-0.28790915,-0.6696
-0.29769114,-0.6329
-0.26840743,-0.393
-0.30767322,-0.3123
-0.31958273,-0.075
-0.29532364,-0.6241
-0.293078,-0.4599
-0.29708943,-0.6741
-0.2976335,-0.1655
-0.29544827,-0.4258
-0.2996559,-0.5496
-0.2968472,-0.708
-0.30367073,-0.7583
-0.30185163,-0.7031
-0.30527225,-0.3497
-0.2794146,-0.7912
-0.30520463,-0.6992
-0.30986908,-0.8536
-0.2787016,-0.8477
-0.28190827,-0.7535
-0.3195741,-0.8321
-0.31928545,-0.6592
-0.28420424,-0.4913
-0.31329012,-0.3793
-0.37117895,-0.3858
-0.29801822,-0.6852
-0.30197883,-0.587
-0.29709113,-0.5282
-0.30131027,-0.7002
-0.3017081,-0.7987
-0.29515156,-0.358
-0.30446944,-0.337
-0.30172426,-0.122
-0.30101618,0.1065
-0.3032647,-0.2711
-0.31622306,-0.2379
-0.27223822,-0.5012
-0.32028207,-0.373
-0.30232188,-0.5776
-0.28041315,-0.5652
-0.3078069,-0.5992
-0.2534529,-0.6917
-0.3546909,-0.6928
-0.30136478,-0.5604
-0.2826289,-0.1826
-0.29359844,-0.4873
-0.29886281,-0.6324
-0.3001534,-0.5349
-0.30153263,-0.6985
-0.30194154,-0.5872
-0.29443738,-0.4361
-0.30518588,-0.6702
-0.2963151,-0.7613
-0.30678102,-0.6979
-0.2991793,-0.7902
-0.30580032,-0.7157
-0.28778216,-0.7352
-0.30216736,-0.7878
-0.31648368,-0.8034
-0.2655161,-0.6617
-0.27544916,-0.3386
-0.25808597,-0.69
-0.3066113,-0.7261
-0.29432595,-0.6378
-0.28898528,-0.5048
-0.2983226,-0.5543
-0.296065,-0.6931
-0.29571706,-0.7128
-0.29893443,-0.7856
-0.29463083,-0.7652
-0.30314627,-0.7794
-0.2918907,-0.686
-0.2976334,-0.6752
-0.29471517,-0.2224
-0.28984046,0.3521
-0.3141643,-0.4085
-0.30567294,0.1548
-0.30945206,-0.351
-0.34542435,-0.4739
-0.2871021,-0.3032
-0.32346487,-0.4338
-0.32767823,-0.6046
-0.3492644,-0.4131
-0.32809353,-0.4824
-0.30441964,0.0269
-0.30030453,-0.7239
-0.29875028,-0.6153
-0.29814106,-0.3797
-0.2971841,-0.773
-0.30289912,-0.4688
-0.30467018,-0.8286
-0.30546325,-0.8311
-0.27870822,-0.7646
-0.29142705,-0.5558
-0.2901486,-0.5926
-0.30039197,-0.5749
-0.30135947,-0.4382
-0.27112985,-0.7778
-0.3060947,-0.7476
-0.35169882,-0.7015
-0.25082847,-0.583
-0.27884185,-0.2845
-0.29804552,-0.554
-0.25368848,-0.282
-0.34379828,-0.2489
-0.3000185,-0.2225
-0.29899132,0.3051
-0.29541844,0.2946
-0.30023396,-0.579
-0.29167634,-0.0311
-0.3021333,0.8462
-0.3006873,0.4654
-0.3023744,-0.5152
-0.29305252,-0.6427
-0.30845934,-0.7384
-0.3063109,-0.4612
-0.3156457,-0.6243
-0.28846467,-0.6699
-0.33173954,-0.7457
-0.30561507,-0.1115
-0.31846082,-0.4501
-0.3141098,-0.4063
-0.31670275,0.1281
-0.31445622,-0.0761
-0.3346475,-0.2503
-0.2973915,-0.0831
-0.29425827,-0.2694
-0.29396617,-0.5525
-0.2981374,-0.6683
-0.29475254,-0.5
-0.29843786,-0.3735
-0.2965316,-0.5715
-0.2938232,-0.7702
-0.29658657,-0.6673
-0.29823178,-0.7456
-0.29183716,-0.6982
-0.29807308,-0.7987
-0.29736707,-0.7119
-0.30609208,-0.785
-0.29775333,-0.6481
-0.30699766,-0.6494
-0.33399323,-0.3985
-0.31223768,-0.2951
-0.32081798,-0.5065
-0.30263388,-0.1653
-0.2930072,-0.6811
-0.29622346,-0.6679
-0.29347965,-0.0817
-0.29800916,-0.1766
-0.2973129,-0.5658
-0.2982513,-0.7098
-0.29981172,-0.8097
-0.3024966,-0.7727
-0.2993664,-0.5715
-0.29598215,-0.8162
-0.3059832,-0.7869
-0.31187695,-0.7922
-0.30033922,-0.7961
-0.3111062,-0.7957
-0.31198794,-0.8107
-0.3109901,-0.8031
-0.29943714,-0.6956
-0.2856477,-0.6423
-0.3232134,-0.4219
-0.34416014,-0.3816
-0.29589468,-0.5285
-0.29269844,-0.7752
-0.29442766,-0.5451
-0.2961883,-0.6198
-0.30253583,-0.1921
-0.30120543,-0.2807
-0.30674368,-0.7961
-0.29459128,-0.7967
-0.30860558,-0.6995
-0.29999322,-0.813
-0.31494176,-0.5701
-0.2923605,-0.6186
-0.30281317,-0.7366
-0.28817552,-0.5812
-0.34811944,-0.5701
-0.33115265,-0.4514
-0.2976704,-0.5724
-0.31936327,-0.5097
-0.30832446,-0.5379
-0.3191445,-0.3869
-0.30218846,-0.1988
-0.29834265,-0.6745
-0.2971972,-0.707
-0.2988031,-0.6933
-0.29565167,-0.8203
-0.30150142,-0.8692
-0.30552822,-0.8585
-0.3008296,-0.5038
-0.31629345,-0.4075
-0.30312952,-0.4658
-0.29718462,-0.2129
-0.2882074,-0.6392
-0.2949199,-0.5708
-0.28140253,-0.2636
-0.30707425,-0.4321
-0.3166849,-0.826
-0.38431194,-0.6689
-0.27092284,-0.7803
-0.25907433,-0.6162
-0.2975761,-0.5982
-0.29984593,2.5161
-0.29504758,1.8916
-0.2923328,0.528
-0.2913062,0.3709
-0.29224545,0.4698
-0.2928469,1.1864
-0.28473684,0.1972
-0.28641704,0.4842
-0.29318514,0.5328
-0.3000962,0.2322
-0.29638317,-0.1001
-0.3011755,0.2169
-0.28946522,0.3637
-0.27796307,-0.0109
-0.2968561,0.044
-0.29647017,1.1073
-0.29889992,-0.0528
-0.3106005,0.0002
-0.28163972,-0.1286
-0.30621693,1.0954
-0.29045802,0.512
-0.2889164,-0.1833
-0.27885967,-0.5334
-0.26966655,-0.3058
-0.28279072,-0.5659
-0.29154608,-0.0689
-0.28901824,0.1343
-0.28719816,-0.4063
-0.28379568,0.2381
-0.27486125,0.0508
-0.27325517,-0.1265
-0.2703564,0.118
-0.27443787,-0.5547
-0.26827657,-0.6511
-0.27084935,-0.7187
-0.28111342,-0.7129
-0.27002993,-0.6946
-0.27986547,0.7259
-0.28016728,0.4896
-0.28853145,-0.0853
-0.29214397,-0.0627
-0.27916843,-0.0422
-0.28557193,-0.3311
-0.30569947,-0.2359
-0.29566512,-0.5113
-0.28528053,-0.5019
-0.27394724,-0.4889
-0.27269983,-0.5516
-0.2749836,0.2898
-0.2707446,-0.5032
-0.28159913,-0.5678
-0.2734226,-0.4671
-0.30408952,-0.6368
-0.2651781,-0.6036
-0.26458985,-0.4687
-0.29856023,-0.3998
-0.2930382,-0.681
-0.2856208,-0.4307
-0.28481385,-0.2637
-0.29314002,-0.0646
-0.2976935,-0.4754
-0.29846245,-0.4368
-0.2955163,-0.3357
-0.30106154,-0.3
-0.296693,-0.5207
-0.2977333,-0.5834
-0.29868883,0.0807
-0.29650396,-0.7067
-0.29942667,-0.6388
-0.29331917,-0.5441
-0.29381177,-0.7824
-0.29567418,-0.2792
-0.29337794,-0.5994
-0.29568493,-0.562
-0.2922645,-0.719
-0.29583082,-0.7439
-0.30828944,-0.6623
-0.2982573,-0.2743
-0.31351605,-0.1915
-0.29138932,0.2397
-0.2967877,-0.4541
-0.29084706,-0.2831
-0.29635382,-0.6332
-0.29807433,-0.7015
-0.30219463,-0.5818
-0.30235812,-0.4744
-0.30203044,-0.7746
-0.29422915,-0.6937
-0.3022924,-0.7295
-0.29631916,-0.6377
-0.29795888,-0.6358
-0.30401757,-0.0329
-0.2997782,0.2078
-0.29413363,-0.3114
-0.31831747,-0.2041
-0.2983386,-0.692
-0.31345913,-0.6955
-0.28764534,-0.0201
-0.2960709,0.0293
-0.3155074,0.462
-0.3007706,-0.1225
-0.29921126,-0.2906
-0.30052578,-0.4122
-0.30724263,-0.7788
-0.2986766,-0.7356
-0.30293557,-0.4966
-0.2957271,-0.3091
-0.3016044,-0.5028
-0.30269313,-0.1687
-0.29257116,-0.5422
-0.30093008,-0.6462
-0.3088013,-0.367
-0.30865914,-0.6202
-0.31605354,-0.6732
-0.2958309,-0.5771
-0.32015225,-0.6361
-0.3092092,-0.7271
-0.31296146,-0.4079
-0.30319178,-0.2746
-0.3046059,0.0531
-0.3042606,-0.2548
-0.2994117,-0.0953
-0.3011641,-0.1382
-0.30297798,-0.5539
-0.3007403,-0.4368
-0.29752654,-0.7496
-0.30093732,-0.5223
-0.30048993,-0.2516
-0.30122262,-0.2984
-0.3004235,-0.6043
-0.30077273,-0.6514
-0.29535377,-0.1882
-0.2974788,-0.6634
-0.30256647,-0.6543
-0.3008083,-0.3978
-0.30802438,-0.2855
-0.3134134,-0.2951
-0.30829585,-0.0192
-0.31942636,0.2076
-0.28864425,-0.3478
-0.29575098,-0.1098
-0.29508615,-0.2782
-0.296115,-0.1323
-0.2970761,0.2607
-0.29790956,0.0964
-0.2977207,-0.3257
-0.29883796,-0.5201
-0.2989427,-0.5266
-0.30078974,-0.5857
-0.2997626,-0.6758
-0.30006915,-0.7047
-0.30104557,-0.7012
-0.29897952,-0.5639
-0.2978697,-0.1277
-0.30321866,-0.6485
-0.30552432,-0.5815
-0.309291,-0.6403
-0.29543403,-0.331
-0.30125758,-0.4949
-0.30111432,-0.3966
-0.2988339,-0.2679
-0.29902673,-0.4532
-0.29686335,-0.4448
-0.29829144,-0.4284
-0.29748777,-0.5214
-0.29559663,-0.6236
-0.2980906,-0.7197
-0.29582408,-0.5027
-0.29812276,-0.3036
-0.30152684,-0.5919
-0.30062705,-0.6842
-0.30205664,-0.5227
-0.30316445,-0.5828
-0.302898,-0.4467
-0.30450985,-0.487
-0.30035442,-0.4378
-0.30852443,-0.7229
-0.309481,-0.4015
-0.31142813,-0.5792
-0.3207119,-0.3131
-0.29908445,-0.501
-0.30166772,-0.4014
-0.29594448,-0.5794
-0.3002387,-0.4638
-0.29893404,-0.2414
-0.2973856,-0.3197
-0.29816452,-0.3988
-0.29823765,-0.4544
-0.29987276,-0.6179
-0.2974856,-0.4703
-0.2970417,-0.5753
-0.29679406,-0.6882
-0.29959533,-0.2943
-0.29710615,-0.3487
-0.30322194,-0.6485
-0.29994312,-0.2978
-0.30567196,-0.3231
-0.30843377,-0.1386
-0.2963814,-0.099
-0.30419436,-0.2056
-0.30162308,-0.521
-0.30077904,-0.4223
-0.3007496,-0.4668
-0.30148256,-0.6697
-0.29875892,-0.369
-0.30107474,-0.587
-0.29935664,-0.5532
-0.29788032,-0.6792
-0.30219662,-0.6611
-0.29786435,0.4433
-0.30108166,0.0491
-0.28879172,-0.1368
-0.29589167,-0.7047
-0.30566433,-0.6101
-0.2961624,-0.3644
-0.311874,-0.6127
-0.3260114,-0.5543
-0.2947752,-0.5169
-0.28439826,-0.5061
-0.32191753,-0.06
-0.29906464,-0.1726
-0.29988846,0.104
-0.30017796,-0.6085
-0.29953688,-0.1745
-0.29750586,-0.5854
-0.29366302,-0.6699
-0.2953712,-0.7076
-0.2979876,-0.811
-0.3053629,-0.4765
-0.30789807,-0.7525
-0.2953035,-0.8133
-0.31409374,-0.5684
-0.30086645,-0.5243
-0.29642576,-0.639
-0.29347083,-0.3314
-0.28931084,-0.5991
-0.31285557,-0.562
-0.32330722,-0.6361
-0.31748322,-0.3923
-0.33359474,0.0423
-0.3000713,-0.5991
-0.29987174,-0.6514
-0.30117467,-0.7437
-0.29942736,-0.6125
-0.29888526,-0.7684
-0.29667318,-0.6913
-0.30231535,-0.7723
-0.29475057,-0.776
-0.300237,-0.6999
-0.2962402,-0.7197
-0.30629876,-0.485
-0.29876894,-0.4303
-0.29604003,-0.2934
-0.30052656,0.2935
-0.29402864,-0.0071
-0.31092122,0.4879
-0.28711846,-0.0906
-0.29582158,-0.3868
-0.28556842,-0.213
-0.29745573,0.5832
-0.30052772,-0.3984
-0.30050805,-0.5453
-0.2985307,-0.7024
-0.30050865,-0.4431
-0.3024869,-0.522
-0.29593718,-0.525
-0.30618185,-0.6098
-0.29938328,-0.7145
-0.30567575,-0.6984
-0.29107988,-0.6355
-0.31187922,-0.6904
-0.3041466,-0.7236
-0.30768383,-0.5792
-0.30610892,-0.3397
-0.33066648,-0.4101
-0.332076,-0.6717
-0.3497603,-0.7355
-0.32007354,-0.377
-0.2940185,0.159
-0.30360258,-0.4407
-0.29963702,-0.6559
-0.3003925,-0.733
-0.30181655,-0.6388
-0.2983906,-0.8117
-0.29846215,-0.7632
-0.29747617,-0.7343
-0.30361322,-0.5935
-0.30681607,-0.5639
-0.31717172,-0.0728
-0.29483154,-0.4741
-0.30368018,-0.4505
-0.32633287,-0.6082
-0.3014856,-0.6969
-0.2832604,-0.6396
-0.31086245,-0.527
-0.27555168,-0.5826
-0.30449826,-0.5717
-0.29638195,-0.6062
-0.32672018,-0.5563
-0.31392968,-0.4642
-0.30060613,-0.5435
-0.29892534,-0.771
-0.2978875,-0.4156
-0.30038518,-0.3084
-0.29866523,-0.5956
-0.2957539,-0.5776
-0.2970546,-0.7255
-0.29937977,-0.7154
-0.29092214,-0.5496
-0.2938719,-0.5532
-0.30279708,-0.5864
-0.29792482,-0.4889
-0.32416016,-0.7102
-0.33236146,-0.5281
-0.30491978,-0.56
-0.29463902,-0.6968
-0.3253765,-0.6325
-0.26794037,-0.557
-0.29932898,-0.3985
-0.2615944,-0.4599
-0.30029824,0.034
-0.29898134,0.9188
-0.3040874,0.3009
-0.2975897,-0.4054
-0.30141717,-0.5062
-0.29517406,-0.5318
-0.3000305,-0.3078
-0.3069045,0.2216
-0.30940577,-0.3456
-0.29931483,-0.5455
-0.2901934,-0.3371
-0.31812897,-0.393
-0.30877912,-0.626
-0.30014244,-0.2437
-0.28369355,0.344
-0.29869175,-0.5041
-0.29358333,0.3053
-0.32061005,0.1954
-0.29024497,-0.1203
-0.34707442,0.9292
-0.29798105,0.3173
-0.30014008,0.3193
-0.29625124,0.4587
-0.2936037,0.8235
-0.29682654,0.4919
-0.29433268,0.1419
-0.29094493,-0.3969
-0.2885771,-0.1075
-0.28960222,0.0351
-0.29061407,-0.4563
-0.29781264,0.1811
-0.29892755,0.2709
-0.30001676,-0.429
-0.2973656,-0.4726
-0.2963401,-0.0203
-0.29556465,0.0268
-0.3009269,-0.1069
-0.30109465,-0.1069
-0.305382,-0.0767
-0.2970517,0.3163
-0.2881029,0.8885
-0.29738435,0.3078
-0.28070596,0.5924
-0.27442288,1.0386
-0.300003,0.2805
-0.2836699,-0.0118
-0.27955562,-0.2362
-0.2647691,0.3846
-0.3086424,0.1311
-0.302277,0.0944
-0.28577903,-0.2469
-0.30154723,0.4784
-0.27068642,0.1226
-0.28036487,0.0963
-0.27376163,-0.1725
-0.29031503,0.4699
-0.28651533,-0.0165
-0.30588558,0.26
-0.2931138,0.2186
-0.28040007,0.9217
-0.27389902,0.4649
-0.26332432,-0.0045
-0.28897065,-0.1803
-0.25932068,-0.184
-0.23721792,-0.2616
-0.2972415,-0.4252
-0.2732233,-0.0957
-0.32716215,0.1169
-0.2662726,0.173
-0.26572263,-0.4242
-0.26410034,-0.2182
-0.2700572,-0.1986
-0.24836025,-0.3934
-0.3278436,-0.3138
-0.25640044,0.4475
-0.30803457,0.0101
-0.33146787,-0.4443
-0.2701047,0.6731
-0.32348627,0.9839
-0.28710842,1.4588
-0.26363873,0.7344
-0.30289936,0.3467
-0.2984976,0.7201
-0.25850514,0.6999
-0.30941916,-0.0713
-0.26058787,0.1124
-0.263203,-0.3756
-0.26004615,-0.4979
-0.322953,-0.3639
-0.267258,-0.343
-0.25369686,-0.0726
-0.28189188,-0.2109
-0.27686787,-0.0402
-0.2844811,0.0208
-0.2851832,-0.3205
-0.28304827,-0.4855
-0.25106484,-0.366
-0.28964525,0.6276
-0.3150144,0.093
-0.2733702,1.202
-0.2925486,0.7069
-0.284022,0.954
-0.32205325,0.4238
-0.30427724,0.1925
-0.26024586,-0.3972
-0.26829338,-0.4346
-0.25870264,-0.5952
-0.26421434,-0.2233
-0.27482593,-0.225
-0.23036875,0.1708
-0.26616132,-0.272
-0.3344438,-0.4671
-0.25931275,0.1727
-0.2763278,0.3404
-0.26172435,0.8446
-0.2740496,0.1912
-0.29246736,-0.1878
-0.28149062,0.3352
-0.30173972,1.2763
-0.26947695,2.279
-0.26111677,0.4737
-0.2413151,0.1694
-0.31540796,0.3914
-0.28753686,0.6027
-0.3186552,-0.1741
-0.27882308,-0.3887
-0.25252295,-0.4976
-0.2462281,-0.2876
-0.26686585,-0.2376
-0.26440343,-0.3413
-0.26088673,-0.3461
-0.28262153,-0.6231
-0.30859053,-0.5425
-0.30202082,-0.4775
-0.26107824,-0.1407
-0.29542342,-0.5565
-0.2752021,-0.5747
-0.33095053,-0.3816
-0.29103583,0.3424
-0.28392056,0.2361
-0.27471304,1.0775
-0.25889817,0.5617
-0.29042345,-0.0357
-0.28317463,-0.3805
-0.28231633,-0.7047
-0.27389348,-0.3517
-0.29451376,-0.5721
-0.27896547,-0.5243
-0.26994509,-0.5441
-0.28339246,-0.5932
-0.29879162,-0.4716
-0.29875416,-0.6212
-0.2893085,-0.5691
-0.29063684,-0.353
-0.2811113,-0.6989
-0.30986992,-0.5374
-0.2957152,-0.4112
-0.29945403,-0.4777
-0.28405827,-0.511
-0.28137532,-0.1524
-0.27784225,1.2243
-0.28797662,0.3285
-0.2887138,0.6131
-0.30529505,-0.3445
-0.2818695,0.4831
-0.2855211,-0.4037
-0.29980478,-0.3145
-0.30033314,-0.13
-0.29226348,-0.2698
-0.28365332,-0.5643
-0.28861716,-0.2678
-0.29676217,-0.4609
-0.28250414,-0.0858
-0.2937564,-0.3774
-0.29902405,-0.3598
-0.29316062,-0.4082
-0.29364192,-0.154
-0.29440913,-0.1239
-0.30063054,-0.4937
-0.2957304,0.5087
-0.28900102,-0.5717
-0.28034827,-0.3372
-0.30030957,-0.4866
-0.30149677,-0.2617
-0.28198212,-0.5405
-0.31068364,-0.4404
-0.3020503,-0.6462
-0.3077247,-0.6728
-0.2861157,-0.6117
-0.29656285,-0.5952
-0.2989242,-0.4869
-0.2953834,-0.6914
-0.29841655,-0.2242
-0.30115798,-0.4589
-0.3033492,-0.6527
-0.2964389,-0.4362
-0.29684943,-0.5113
-0.3008612,-0.4837
-0.29923552,-0.5851
-0.2984677,-0.4116
-0.29532743,-0.2392
-0.2909546,0.2403
-0.29349476,-0.0906
-0.2970973,-0.2526
-0.29768085,-0.2841
-0.29828462,-0.4319
-0.29936934,-0.6218
-0.30285364,-0.6852
-0.29915762,-0.7538
-0.30019167,-0.6924
-0.29644546,-0.6579
-0.2957831,0.0033
-0.29712966,0.6509
-0.3025463,0.2444
-0.29862753,0.3862
-0.29857466,-0.4249
-0.29658115,-0.6514
-0.3034486,-0.5805
-0.2981886,-0.4557
-0.29099125,-0.1908
-0.29359242,-0.5789
-0.29606566,-0.5126
-0.2915583,-0.3595
-0.29625785,-0.3084
-0.29813868,-0.5318
-0.30078033,-0.2028
-0.3013857,-0.2021
-0.29973975,-0.535
-0.30009922,-0.3389
-0.29872605,-0.5942
-0.30051136,-0.5919
-0.30173302,-0.6153
-0.30025893,-0.7044
-0.30475116,-0.6309
-0.29658067,-0.5763
-0.30667505,-0.642
-0.29653692,-0.2828
-0.31411195,-0.1469
-0.29910192,-0.4648
-0.289182,-0.1914
-0.2995731,1.2785
-0.29805848,0.6108
-0.29621184,0.8816
-0.2975736,-0.0663
-0.30020875,-0.5272
-0.2980811,-0.3757
-0.29542193,-0.6852
-0.28788733,-0.7238
-0.2958854,-0.7011
-0.29251072,-0.7948
-0.29574272,-0.7145
-0.29687753,-0.7037
-0.2961863,-0.4986
-0.3003202,-0.72
-0.30532214,-0.6234
-0.29860035,-0.652
-0.30429107,-0.6316
-0.2954313,-0.5428
-0.29411912,-0.5961
-0.2921592,-0.2077
-0.3067315,-0.391
-0.30389512,-0.4485
-0.31239787,-0.7444
-0.29496846,-0.6923
-0.3046354,-0.55
-0.29842904,0.1272
-0.30026922,-0.6696
-0.2898753,-0.7544
-0.30211228,-0.6215
-0.2946668,-0.6839
-0.2998132,-0.5197
-0.29294744,-0.6368
-0.2983393,-0.4394
-0.29921502,-0.5234
-0.29631984,0.1649
-0.2989876,-0.2932
-0.29218856,-0.4937
-0.30172142,-0.4996
-0.30125284,-0.4142
-0.2960298,-0.325
-0.30211616,-0.6864
-0.30052602,-0.2896
-0.29925084,-0.445
-0.29995465,-0.4238
-0.2959826,-0.3673
-0.29685327,-0.7538
-0.2965651,-0.6738
-0.29892287,-0.7977
-0.29860464,0.2035
-0.30168366,-0.078
-0.30234554,-0.1971
-0.30178642,-0.5449
-0.30609238,-0.5571
-0.3011628,-0.5318
-0.30774653,-0.6839
-0.30081612,-0.6933
-0.29442197,-0.7252
-0.30308568,-0.6439
-0.2978999,-0.5561
-0.31630695,-0.2541
-0.30117145,0.5172
-0.30043748,-0.144
-0.29847315,-0.1322
-0.29885814,-0.248
-0.295988,-0.2271
-0.2976926,-0.3406
-0.29696313,-0.5574
-0.2980501,-0.2471
-0.2952331,-0.652
-0.30660203,-0.7281
-0.29462266,-0.6615
-0.29902574,-0.6192
-0.29346618,-0.7275
-0.30715936,-0.6904
-0.3033598,-0.3373
-0.30872074,-0.6319
-0.2982788,-0.1771
-0.30408984,-0.5032
-0.29450527,0.1714
-0.30348906,0.1137
-0.29317248,0.7034
-0.29080313,0.0895
-0.2893429,0.5371
-0.29683006,-0.3552
-0.29449114,-0.0539
-0.28914928,-0.1729
-0.29025367,0.0911
-0.2949849,-0.1105
-0.2943431,0.293
-0.29965186,-0.2025
-0.2948798,-0.01
-0.2974125,0.5482
-0.3011654,-0.1966
-0.29145652,-0.1748
-0.30286863,-0.1352
-0.29783225,-0.2958
-0.30404308,-0.5459
-0.2996525,-0.3487
-0.29819584,0.1831
-0.31360313,0.4131
-0.2919879,0.029
-0.28863367,0.345
-0.29909873,-0.061
-0.29826164,-0.6202
-0.30249313,-0.4963
-0.28695056,-0.0172
-0.3008529,-0.4118
-0.28655392,-0.603
-0.2841955,-0.6462
-0.28467137,-0.3806
-0.29427445,-0.4515
-0.2936572,-0.4498
-0.29236227,0.1267
-0.30174324,-0.5685
-0.2925538,-0.5672
-0.3008266,-0.1687
-0.30055764,-0.0959
-0.30043364,-0.442
-0.2963322,-0.2584
-0.29879567,0.1457
-0.30249727,-0.1131
-0.29655394,-0.2155
-0.28958088,-0.3957
-0.2991827,-0.6107
-0.29776984,-0.2315
-0.2935,-0.1885
-0.29270568,-0.616
-0.29580405,-0.0327
-0.29840297,-0.0441
-0.28805014,-0.2919
-0.2969091,-0.1839
-0.2950828,-0.1111
-0.30192894,-0.1979
-0.2980117,-0.2431
-0.29657027,-0.208
-0.29587513,0.2302
-0.2955298,0.4149
-0.29825467,0.1972
-0.2997356,0.0189
-0.29918647,-0.0854
-0.29642406,1.5387
-0.2881517,0.7418
-0.3044552,0.3173
-0.29562384,0.8832
-0.29161698,2.4113
-0.29323253,0.3438
-0.29486275,0.4875
-0.28326166,-0.4073
-0.28863886,-0.3426
-0.29065233,-0.2636
-0.29220888,-0.3471
-0.2948538,-0.1612
-0.2931059,-0.2291
-0.2931293,-0.3056
-0.29196292,-0.5875
-0.29450184,-0.6481
-0.2959739,-0.5628
-0.29450175,-0.3066
-0.29689163,-0.1322
-0.30302843,-0.143
-0.29879218,-0.41
-0.29468626,-0.5379
-0.28743118,-0.337
-0.27676868,-0.6082
-0.29612973,-0.4368
-0.2732736,-0.5656
-0.27587888,-0.5922
-0.26335973,-0.6153
-0.29153672,-0.3391
-0.27313337,-0.4235
-0.27610067,-0.3939
-0.28322217,-0.5639
-0.286213,-0.2102
-0.27474204,-0.4694
-0.28495216,-0.1306
-0.29392877,-0.221
-0.28729075,0.0053
-0.2869854,0.2114
-0.29711953,1.396
-0.2965924,0.8485
-0.30395627,0.3905
-0.29266512,0.9916
-0.29168802,-0.2143
-0.3055735,-0.2724
-0.28991336,-0.1228
-0.30212545,-0.455
-0.31510866,-0.4414
-0.28820026,-0.2637
-0.28818908,-0.2007
-0.30759388,-0.1192
-0.28855842,-0.4525
-0.2934719,-0.6472
-0.28999412,-0.7652
-0.29030266,-0.0106
-0.29815087,-0.1992
-0.29648504,0.1676
-0.29628953,0.0662
-0.2985664,-0.1229
-0.2996881,-0.5401
-0.29694405,-0.0401
-0.2998779,0.5387
-0.30168822,0.1704
-0.29592133,0.1398
-0.29885352,-0.3455
-0.30120128,-0.1511
-0.29792085,0.0287
-0.29412004,0.0128
-0.2929936,0.241
-0.29811126,-0.3506
-0.2975959,-0.6059
-0.301349,-0.4446
-0.2984909,-0.6247
-0.3011368,-0.0292
-0.30168393,-0.5347
-0.29623112,-0.5048
-0.29729602,-0.6192
-0.30164632,-0.3624
-0.29979822,-0.1789
-0.29655007,-0.071
-0.30124268,-0.0607
-0.2962339,-0.5542
-0.29850176,-0.475
-0.28979036,1.0995
-0.29236582,0.4769
-0.2951638,2.5935
-0.30322322,0.541
-0.2813309,-0.1632
-0.28842673,-0.2893
-0.28894126,-0.3257
-0.29575914,-0.1488
-0.29621348,-0.5874
-0.29778492,-0.6086
-0.30603248,-0.4478
-0.29800633,-0.1426
-0.3012255,-0.2162
-0.30035397,-0.4635
-0.29386932,-0.4765
-0.29912254,-0.3218
-0.2998073,-0.4756
-0.30321354,-0.2814
-0.29363364,-0.5204
-0.29470944,-0.614
-0.29663184,-0.548
-0.29692298,-0.5142
-0.31377348,-0.6683
-0.2907391,-0.6407
-0.26211384,-0.2948
-0.29618025,-0.6403
-0.2907774,-0.5649
-0.29081002,-0.7086
-0.29374966,-0.7164
-0.30634212,-0.4284
-0.2932685,-0.6933
-0.29467815,-0.6182
-0.30251917,-0.7139
-0.30070585,-0.6595
-0.3054895,-0.5392
-0.30411696,-0.6985
-0.302476,-0.3657
-0.29974034,-0.045
-0.2977253,-0.4015
-0.3000703,-0.6706
-0.29275677,-0.6842
-0.29569492,-0.7024
-0.28883252,-0.7922
-0.19463421,-0.8133
-0.2801699,-0.7622
-0.29925635,-0.7772
-0.3014921,-0.7989
-0.29689705,-0.785
-0.31019068,-0.7739
-0.3160802,-0.5691
-0.29413265,-0.7264
-0.30550545,-0.692
-0.33102813,-0.768
-0.33454806,-0.5389
-0.29219002,-0.6803
-0.34811634,-0.497
-0.30787325,-0.429
-0.2975969,-0.4428
-0.2970899,0.2034
-0.29972297,-0.3756
-0.28862733,-0.6511
-0.30127308,-0.7219
-0.26636708,-0.6572
-0.2741517,-0.4915
-0.2627856,-0.6062
-0.27603143,-0.5344
-0.31823966,-0.5802
-0.32420415,-0.5835
-0.31530368,-0.1533
-0.3363751,-0.3631
-0.3031798,-0.2913
-0.31743586,-0.1197
-0.35762748,-0.1359
-0.2885555,-0.2834
-0.32425362,-0.0887
-0.3307749,-0.3562
-0.32735032,-0.4193
-0.2896273,-0.4034
-0.29669604,-0.5324
-0.29718524,-0.3978
-0.29650253,-0.6036
-0.29103905,-0.6394
-0.29331294,-0.6569
-0.26408982,-0.4701
-0.28369975,-0.6566
-0.29397303,-0.7151
-0.2986894,-0.6468
-0.31656495,-0.5069
-0.2844459,-0.7193
-0.32114697,-0.3159
-0.29225606,-0.528
-0.30125487,-0.5028
-0.32532007,-0.6987
-0.31888658,-0.7767
-0.3012902,-0.5991
-0.31070024,-0.7281
-0.3269017,-0.6488
-0.30980566,-0.536
-0.292322,-0.273
-0.2967249,-0.6226
-0.2846844,-0.1177
-0.29504347,-0.6761
-0.2717575,-0.5106
-0.2904952,-0.4492
-0.2983918,-0.5558
-0.29656434,-0.6836
-0.29899585,-0.2792
-0.3040575,-0.5045
-0.31700766,-0.3432
-0.29874533,-0.3166
-0.31504238,0.0422
-0.31892055,-0.5441
-0.2933427,-0.5548
-0.3099972,-0.6303
-0.31565714,-0.3806
-0.3353968,-0.2447
-0.29914844,-0.2516
-0.3161516,0.805
-0.289716,-0.3032
-0.29982108,-0.4824
-0.2909307,-0.523
-0.2993747,-0.6472
-0.28554863,-0.6262
-0.30374658,-0.7011
-0.30008596,-0.6979
-0.286704,-0.7057
-0.30347168,-0.5652
-0.3056019,-0.6753
-0.3116333,-0.6927
-0.2962479,-0.7154
-0.31210482,-0.7658
-0.30775356,-0.7636
-0.29572117,-0.7184
-0.27659178,-0.5999
-0.30974135,-0.7467
-0.3733466,-0.6739
-0.31901336,-0.603
-0.30531543,-0.44
-0.302283,-0.5487
-0.29449743,-0.7564
-0.2809251,-0.7177
-0.30005318,-0.7541
-0.28479007,-0.3738
-0.30381966,-0.1999
-0.30535695,-0.5165
-0.29504773,-0.6224
-0.3061122,-0.5822
-0.3134386,-0.6709
-0.30763292,-0.6143
-0.3148962,-0.7471
-0.29342464,-0.6644
-0.32517806,-0.7298
-0.31234288,-0.6295
-0.32804543,-0.482
-0.32075387,-0.5476
-0.31721464,-0.6147
-0.3648809,-0.4941
-0.36555117,-0.4094
-0.30049998,-0.6663
-0.30095714,-0.6306
-0.29927284,-0.4163
-0.29651812,0.0124
-0.30310377,-0.6114
-0.30335805,-0.5149
-0.3107381,-0.7515
-0.29549524,-0.7258
-0.31912193,-0.6751
-0.32449302,-0.3982
-0.30397767,-0.8331
-0.30572432,-0.7161
-0.32575095,-0.8084
-0.3499611,-0.7609
-0.26842898,-0.7667
-0.34028122,-0.7512
-0.35402328,-0.5506
-0.33647823,-0.6589
-0.36270422,-0.3247
-0.32590842,-0.3383
-0.29848176,-0.6143
-0.30077326,-0.3328
-0.29978278,-0.5456
-0.30407125,-0.7148
-0.29802084,-0.7496
-0.30740923,-0.5383
-0.29360056,-0.1608
-0.30684546,-0.7089
-0.29748678,-0.6488
-0.30326077,-0.6672
-0.2913685,-0.6465
-0.3121282,-0.6043
-0.2946491,-0.4694
-0.2907681,-0.59
-0.2910238,-0.5626
-0.2732016,-0.509
-0.26116455,-0.6511
-0.29760888,-0.6683
-0.3155638,-0.295
-0.34274215,-0.3166
-0.30044442,0.3403
-0.3015191,-0.032
-0.29816395,0.119
-0.30006057,-0.3868
-0.29506636,-0.4502
-0.30216432,-0.3965
-0.29769203,-0.537
-0.2944963,-0.6826
-0.2944859,-0.6143
-0.32177737,-0.4673
-0.30715364,-0.194
-0.30242866,-0.4476
-0.31773004,-0.6169
-0.27822742,-0.471
-0.33742577,-0.5477
-0.32403758,-0.5084
-0.3277244,-0.1967
-0.28409073,-0.5574
-0.35347712,-0.442
-0.35384926,-0.3768
-0.29729784,-0.2067
-0.29793206,-0.1797
-0.29791054,0.3225
-0.29852784,0.0833
-0.2993956,0.0383
-0.2986589,-0.1181
-0.3024419,-0.0334
-0.3039343,-0.4316
-0.300931,-0.2474
-0.30148673,-0.2739
-0.30341032,-0.5776
-0.29776895,-0.393
-0.30466974,-0.3549
-0.3076241,-0.435
-0.29881293,-0.5155
-0.32195985,-0.5222
-0.32298663,-0.6147
-0.31170928,0.0637
-0.29921424,0.1766
-0.30843833,-0.1813
-0.29401064,-0.143
-0.2970748,-0.1719
-0.30194187,0.4883
-0.29098716,0.4498
-0.29088926,0.0257
-0.293705,-0.2223
-0.2889057,-0.3566
-0.29751676,-0.2928
-0.29496464,-0.4729
-0.29898676,0.3078
-0.29455236,-0.0419
-0.30412853,-0.2071
-0.30088478,-0.4993
-0.29880178,-0.5087
-0.30043507,-0.3238
-0.3007448,-0.5106
-0.30464634,-0.3383
-0.3052581,-0.4187
-0.30556327,0.1566
-0.2982661,0.7746
-0.29906386,0.0004
-0.29846725,0.303
-0.29356807,0.2019
-0.28547966,0.0089
-0.2960306,-0.2239
-0.29273364,-0.2032
-0.29046404,-0.6046
-0.29035285,0.1369
-0.292117,-0.3813
-0.2989575,-0.6007
-0.2966839,-0.4121
-0.2959695,-0.3266
-0.29556254,-0.5005
-0.296851,0.381
-0.30234167,-0.4308
-0.30675656,-0.6717
-0.30110052,-0.6128
-0.30236483,-0.4082
-0.29369467,-0.3374
-0.3120011,-0.0683
-0.2920033,0.9421
-0.29213876,0.1736
-0.29295537,-0.051
-0.29599816,-0.324
-0.28227702,-0.6335
-0.29430157,-0.2512
-0.29481363,-0.5558
-0.29041836,-0.7151
-0.29012898,-0.6
-0.29352355,-0.2831
-0.29200885,0.3524
-0.29481095,0.9915
-0.29634398,-0.4791
-0.29972932,-0.7297
-0.28830114,-0.489
-0.2953041,-0.5168
-0.30338907,-0.3299
-0.29724932,0.1519
-0.29919037,0.0105
-0.30530283,-0.2621
-0.2922749,0.3645
-0.29283512,0.4318
-0.29640344,0.765
-0.29116878,-0.2958
-0.2917934,-0.5461
-0.28811678,-0.5097
-0.29181275,-0.2607
-0.29600042,-0.4386
-0.29472214,-0.4931
-0.29716805,-0.5438
-0.29913825,-0.1579
-0.30063152,-0.4747
-0.30172166,-0.668
-0.30180135,-0.4814
-0.3008983,-0.554
-0.3009289,-0.7891
-0.3013636,-0.7252
-0.30300352,-0.6031
-0.3019713,-0.6073
-0.30454454,-0.3971
-0.29842868,-0.3253
-0.2994513,-0.0929
-0.29745665,0.1006
-0.29642096,0.0443
-0.29581776,0.1512
-0.2982156,-0.195
-0.29299715,0.0397
-0.2935518,0.3316
-0.2947926,0.5709
-0.2959993,0.4916
-0.29898998,-0.0567
-0.30185294,-0.0763
-0.30094475,0.1264
-0.2976166,-0.124
-0.30118924,-0.6202
-0.30180362,-0.6036
-0.29905617,-0.5997
-0.29418325,-0.6026
-0.30461916,-0.4235
-0.30617154,-0.0025
-0.29794756,-0.0077
-0.29750952,0.5403
-0.29753885,-0.3757
-0.2966035,-0.2761
-0.2981133,-0.2106
-0.29795814,-0.4521
-0.2970844,-0.3939
-0.29492304,-0.2737
-0.29973358,-0.5561
-0.2976376,0.106
-0.29913515,0.3349
-0.3005348,-0.4932
-0.29816854,-0.6179
-0.29954582,-0.5979
-0.29998606,-0.3731
-0.3018988,-0.5058
-0.30208737,-0.5256
-0.29948333,-0.0094
-0.30475694,0.2115
-0.29797688,-0.2195
-0.29355177,-0.3618
-0.2923414,-0.2932
-0.29132378,-0.5702
-0.29179984,-0.5204
-0.2921284,-0.343
-0.2937344,-0.0255
-0.28829253,-0.5483
-0.29087776,-0.5418
-0.29486778,-0.18
-0.2970816,0.0053
-0.29913533,-0.6273
-0.2965184,0.1337
-0.29870465,-0.6166
-0.2985268,-0.6065
-0.30012935,-0.6582
-0.29882318,-0.6033
-0.30052295,-0.7115
-0.29879263,-0.5711
-0.2979342,-0.3851
-0.30754286,-0.3062
-0.29691115,-0.305
-0.29872504,-0.6075
-0.2872803,-0.5418
-0.29378387,-0.6618
-0.29612085,-0.6598
-0.29738182,-0.4414
-0.29500735,-0.6241
-0.29572642,-0.7015
-0.29892057,-0.6624
-0.2995248,-0.6062
-0.29979077,-0.3365
-0.30266878,-0.5617
-0.2980217,-0.5965
-0.30296993,-0.5519
-0.2964556,-0.4518
-0.29899743,-0.3263
-0.30389616,-0.4664
-0.3007674,-0.3748
-0.29598758,-0.4814
-0.30387533,-0.3324
-0.29862526,-0.6075
-0.2958188,-0.4229
-0.2965821,-0.5418
-0.29239652,-0.4748
-0.30051082,-0.5978
-0.30189928,-0.406
-0.29957688,-0.5978
-0.29083496,-0.5061
-0.2977723,-0.6885
-0.30024496,-0.6595
-0.29933113,-0.7463
-0.30445412,-0.6338
-0.30450746,-0.5571
-0.29509425,-0.7648
-0.28054228,-0.6517
-0.3037374,-0.3046
-0.30900759,-0.4147
-0.28703988,-0.4581
-0.29460156,-0.2643
-0.34737802,-0.3844
-0.2984674,0.0901
-0.30025038,0.5062
-0.29906693,0.1003
-0.2980201,-0.4372
-0.30079675,-0.5889
-0.2993001,-0.3445
-0.30345675,-0.2818
-0.30361828,-0.3702
-0.29688928,-0.3582
-0.29890096,-0.432
-0.29948854,-0.4333
-0.30831575,-0.442
-0.29851577,-0.4895
-0.30687883,-0.3441
-0.29547513,-0.5737
-0.32420883,-0.7122
-0.33397108,-0.646
-0.2897362,-0.6449
-0.28625274,-0.0628
-0.29657552,-0.0394
-0.300335,-0.0468
-0.2990429,-0.2324
-0.29893562,-0.3608
-0.3000461,-0.2694
-0.29766655,-0.4915
-0.2979925,-0.4372
-0.29803586,-0.4785
-0.29577968,-0.5295
-0.29915935,0.0218
-0.30329624,1.1303
-0.30039182,0.0969
-0.2961531,-0.483
-0.295638,-0.2057
-0.3128562,-0.5262
-0.3091415,-0.0536
-0.29930368,-0.1498
-0.30895236,-0.3149
-0.29262236,-0.2395
-0.30289015,0.0638
-0.29834884,-0.2011
-0.30023897,1.2169
-0.30142665,1.0129
-0.30009383,0.7962
-0.2991599,0.4532
-0.29821476,0.8213
-0.29808328,-0.1674
-0.30140358,-0.2646
-0.29884654,0.7762
-0.29807478,-0.1686
-0.29725388,-0.1131
-0.2983709,0.1271
-0.2982521,0.4827
-0.2962474,0.7928
-0.2958143,0.1941
-0.29501593,0.2595
-0.29534873,0.4016
-0.28782746,-0.1772
-0.2928925,0.1555
-0.29650837,-0.0089
-0.2956483,0.5326
-0.30194798,1.3158
-0.29181957,1.1027
-0.29643193,1.2964
-0.28428942,1.2966
-0.28838155,0.1831
-0.28282285,-0.066
-0.28453517,-0.2733
-0.28845343,-0.1859
-0.28678674,-0.05
-0.29399237,-0.2174
-0.28514156,0.1463
-0.29611138,-0.0386
-0.28915843,0.1698
-0.2948502,-0.5175
-0.2912035,-0.1612
-0.27117598,-0.0038
-0.2936445,2.0042
-0.29880625,1.5936
-0.28686666,0.3545
-0.3016836,0.5579
-0.29610142,2.3595
-0.28719777,3.7653
-0.27425456,2.8158
-0.27550143,0.45
-0.24848472,0.3823
-0.27466395,0.3565
-0.31441414,-0.2701
-0.26749417,-0.3969
-0.31735817,0.0826
-0.22176653,0.0122
-0.3070181,0.1629
-0.2258414,0.1512
-0.23912886,0.2357
-0.27119163,0.1467
-0.24773985,-0.1361
-0.27194434,-0.1991
-0.32887638,-0.2125
-0.25075912,0.2361
-0.27236885,-0.0711
-0.2638511,0.7295
-0.2895323,0.3623
-0.25431818,0.1229
-0.26659176,0.1223
-0.31090677,-0.0266
-0.32409415,0.4883
-0.29143786,-0.0822
-0.2232672,-0.2418
-0.21667117,-0.367
-0.23079711,-0.3487
-0.24082825,-0.3406
-0.36381292,-0.3016
-0.39021218,-0.2314
-0.19832131,0.0755
-0.24625415,-0.2129
-0.22280505,-0.1348
-0.34534302,0.3956
-0.30190828,0.4746
-0.2987412,-0.035
-0.3479146,0.1187
-0.2083996,0.6878
-0.25371897,0.7793
-0.22216986,0.8744
-0.27945644,0.2923
-0.25560537,0.6684
-0.24017909,1.1472
-0.18911836,0.9772
-0.29112405,-0.4323
-0.37524042,-0.0064
-0.34072644,-0.2236
-0.23364022,-0.2467
-0.2793358,-0.2164
-0.32486317,-0.1839
-0.24741209,0.1054
-0.24733043,-0.2743
-0.18882826,-0.0311
-0.29181078,0.0976
-0.30666304,0.2309
-0.27471742,-0.2249
-0.2938614,0.2848
-0.21868119,0.7318
-0.2597189,0.0176
-0.2760803,-0.1913
-0.26358733,-0.2229
-0.3044852,-0.5095
-0.30214408,-0.4577
-0.30929372,-0.3629
-0.28031898,-0.5863
-0.27472487,-0.4332
-0.2810123,-0.4373
-0.35020068,-0.5431
-0.29712307,-0.2885
-0.27316678,-0.228
-0.28093883,-0.0074
-0.26917627,-0.3489
-0.25784126,-0.2267
-0.25862437,-0.1647
-0.28260553,-0.2844
-0.31277496,-0.0501
-0.25133258,-0.1683
-0.27494293,0.6168
-0.18538985,2.75
-0.26838806,1.1975
-0.32257426,0.5594
-0.3567259,1.3252
-0.2816311,-0.1469
-0.3119234,0.7585
-0.28049222,0.0704
-0.265759,0.8584
-0.348835,0.0253
-0.30130747,0.1102
-0.264664,0.3798
-0.38836932,0.1264
-0.21407455,0.6649
-0.3477781,0.0776
-0.32793733,0.0417
-0.35184395,0.421
-0.24277216,1.7616
-0.3154533,0.4148
-0.32515535,0.4555
-0.3090667,1.1296
-0.0012239814,0.9083
-0.45336825,1.4109
-0.36921757,0.9783
-0.3272665,6.0056
-0.05534953,1.2164
-0.4444403,0.7617
-0.2354886,1.2531
-0.0090792775,1.8753
-0.4914767,4.2446
-0.16532224,2.5269
0.16344923,2.8112
-0.17059726,0.6981
0.12168938,0.3046
-0.52228326,-0.0724
-0.25920385,0.4254
-0.33518118,-0.0384
-0.93981165,0.0854
-0.9706233,0.0722
-0.2895698,0.4817
-0.71490496,0.9799
-0.29830855,0.3859
-0.15807647,-0.1268
-0.10689396,0.107
-0.67721766,0.5015
-0.38279504,-0.1961
0.086370766,-0.2727
0.37684828,-0.3494
-0.8393566,-0.0546
-0.039394557,0.0804
-0.32992977,-0.191
-0.11756104,0.1268
0.05685526,0.1313
-0.47357446,0.0413
-0.29517072,0.6564
0.30184275,0.1249
-0.6564638,0.2452
-0.23785108,0.7198
-0.85567826,0.5764
-0.19633216,1.2743
-0.69146127,1.667
-0.26389658,0.7006
-0.27054894,0.1044
-0.19641477,-0.0058
-0.42272642,-0.2376
-0.20399243,-0.1254
-0.19733196,-0.3022
-0.22571218,-0.4037
-0.29952484,-0.0933
-0.31397647,0.7097
-0.4977648,2.3019
-0.23745555,2.2416
-0.43458056,0.1155
-0.318085,-0.235
-0.1372109,-0.1306
-0.27606875,-0.1787
-0.20581096,-0.235
-0.41155958,-0.2239
-0.39197975,0.2296
-0.3717714,0.2765
-0.2935112,1.0242
-0.30068973,1.5292
-0.22471036,1.8205
-0.21484771,1.9841
-0.31761765,0.6444
-0.27827644,0.1213
-0.31315482,-0.012
-0.26874116,1.5197
-0.23802754,0.4532
-0.25140217,0.1769
-0.28422955,0.1206
-0.25443947,1.0205
-0.21345788,0.4145
-0.26661873,0.3307
-0.21547672,-0.2407
-0.21082604,1.3362
-0.32836586,3.8
-0.27689037,2.0576
-0.22285324,1.0258
-0.24468657,0.7789
-0.36982238,1.6518
-0.12665701,1.6875
-0.3456126,1.7105
-0.19617516,1.3573
-0.36151713,0.9583
-0.34225446,0.3967
-0.4035107,0.0449
-0.36209995,0.5348
-0.18838114,0.5062
-0.13350493,-0.0501
-0.24149638,-0.155
-0.14722109,-0.1272
-0.11735219,-0.1314
-0.4833532,0.0722
-0.45238954,-0.4121
-0.21940625,-0.2555
-0.19232887,0.6148
-0.03402704,-0.2733
-0.38761574,0.0603
-0.30131847,0.0875
-0.73037934,0.7499
-0.2565105,0.9906
-0.16184914,1.2359
-0.39170462,1.0985
-0.24687886,1.0701
-0.26030162,0.1636
-0.5102856,0.103
-0.37785387,-0.2461
-0.27870512,-0.2503
-0.097635984,0.7558
-0.4283325,1.1884
-0.25084,0.6193
-0.30020434,0.2786
-0.30555552,-0.0332
-0.24863821,0.4517
-0.3777858,0.0593
-0.15375549,-0.1427
-0.36788797,0.1151
-0.3785407,0.7611
-0.06082493,1.6603
-0.36031175,4.521
-0.24118268,0.2816
-0.2699517,0.3277
-0.28895447,-0.1358
-0.28930688,0.8528
-0.29786834,-0.1005
-0.17283326,-0.196
-0.34615386,-0.0899
-0.36548954,0.5449
-0.26199788,0.6716
-0.38844886,0.9288
-0.24597251,1.2309
-0.4346772,2.2028
-0.44253707,0.9612
-0.34945595,1.5567
-0.3569348,1.3931
-0.26126385,1.4708
-0.008346856,1.0579
-0.23303837,0.9522
-0.25635678,1.5337
-0.17355734,3.4811
-0.27660477,0.5725
-0.3253467,0.5374
-0.21258791,0.9423
-0.319354,0.0296
-0.34096012,0.1189
-0.32671297,0.7085
-0.26192957,-0.3696
-0.28767914,0.0649
-0.23416787,1.5658
-0.1831274,1.0644
-0.37661153,0.9377
-0.25236714,0.8413
-0.24978721,0.8014
-0.37181082,0.7438
-0.38103378,0.6969
-0.24004596,1.1043
-0.282196,0.9311
-0.1421988,0.7437
-0.09855294,1.5616
-0.29197043,1.181
-0.3808743,1.706
-0.22177318,0.5761
-0.2908419,0.6746
-0.38254836,0.8596
-0.29709634,0.8821
-0.23893565,0.0617
-0.35617074,0.1649
-0.39372185,-0.276
-0.28954294,0.5596
-0.37866503,-0.2789
-0.2777859,0.2483
-0.10809621,0.0283
-0.22407383,0.0634
-0.2865374,-0.3429
-0.24903262,0.9335
-0.27177078,-0.1062
-0.16547847,-0.2307
-0.11536521,-0.2421
-0.35325098,0.1155
-0.09869844,1.2552
-0.29196966,1.1594
-0.35131395,1.0344
-0.29188105,1.7363
-0.31828052,0.3364
-0.21908903,0.5786
-0.26350254,0.2338
-0.4619665,-0.2486
-0.3884657,-0.2087
-0.37162995,0.1051
-0.4835134,-0.0396
-0.38683832,0.3346
-0.25306946,-0.3465
-0.25729293,-0.3331
-0.27122837,-0.3013
-0.4886204,-0.245
-0.36733562,-0.2607
-0.26269954,-0.0025
-0.51739657,0.1593
-0.10224134,0.3833
-0.13483977,0.8942
-0.26350105,0.8453
-0.38136888,0.4195
-0.40928033,0.2532
-0.28528827,0.4184
-0.26264602,0.4677
-0.23234731,2.0613
-0.27174032,2.429
-0.24918431,2.3779
-0.32497746,2.1476
-0.24690688,1.4022
-0.36573797,0.7516
-0.3551845,0.9327
-0.45054203,0.8116
-0.39879268,-0.2052
-0.2685535,0.3327
-0.18109632,0.167
-0.2952208,0.5215
-0.07471752,0.8703
-0.10671711,0.7897
-0.2242505,0.7426
-0.27557617,3.0727
-0.27526215,0.6826
-0.31269038,0.2797
-0.31537908,0.186
-0.23887178,0.339
-0.2788197,0.3034
-0.2591782,0.2088
-0.2179454,-0.1624
-0.2535832,0.4246
-0.17792502,0.0352
-0.18049055,-0.3335
-0.39864582,-0.1507
-0.11986756,-0.1547
-0.23904234,-0.0999
-0.34988683,0.1145
-0.36382782,-0.0425
-0.19865757,0.0384
-0.22441214,0.1736
-0.34024072,0.3761
-0.4933681,0.8337
-0.29714304,1.3771
-0.2754804,2.2857
-0.24301368,2.364
-0.25810474,1.6059
-0.29079545,0.7526
-0.27082816,0.9509
-0.3325066,0.6768
-0.15006408,0.5465
-0.2607717,1.1157
-0.08134058,0.5387
-0.25534147,0.5624
-0.25299388,1.2163
-0.26255715,1.7392
-0.31090087,0.5187
-0.42128843,0.1674
-0.16740173,1.1108
-0.01960951,5.0834
-0.44513258,4.0065
-0.3468592,2.345
-0.32788807,3.7694
-0.32738882,4.7076
-0.26592857,1.4927
-0.35683912,1.2673
-0.07294351,5.6295
-0.06201023,2.3376
-0.1518138,1.201
0.016312659,1.2922
-0.3754887,1.0867
-0.118961275,2.5673
-0.5156447,1.1857
-0.7346245,1.5123
-0.68683714,1.4181
0.082454145,0.8507
-0.3903994,2.3227
-0.09509224,1.3918
-0.15226835,2.4602
-0.6659694,5.3609
-0.19678801,2.6647
-0.29927033,2.464
0.365413,2.2802
-0.28537035,6.4735
-0.20149297,5.844
-0.011097848,3.987
0.25061566,2.168
-0.26689202,1.3157
-0.51232153,1.1602
0.06515151,0.3586
-0.3042627,0.7753
0.29365212,1.8202
0.53630453,1.0957
-0.12631363,0.0878
0.09234244,-0.2168
-0.2272417,0.6496
-0.1488325,0.4586
1.0110948,1.0988
-0.0990085,1.5007
0.5570956,0.7949
-0.7672306,0.4784
0.93382174,1.3721
1.0289245,1.2655
-0.24086064,0.4158
-0.26675993,2.6039
-0.31342983,2.6452
-0.2733603,0.7035
-0.27925104,0.6721
-0.3806463,2.1952
-0.6106356,1.8371
0.15709025,0.843
-0.47030348,0.6986
-0.2665133,0.487
0.7936564,0.2777
0.14227635,0.8248
-0.35648423,0.5166
-0.16685194,0.3082
-0.31575137,0.5508
-0.39455646,0.344
-0.14382476,0.6472
-0.12807697,1.4482
0.16452509,0.2146
-0.89802283,2.1593
-0.17849709,2.0542
-0.31036562,2.2141
-0.1791876,2.7978
-0.47293788,1.4851
-0.1996097,1.0582
-0.44852322,1.589
-0.21765918,4.1868
-0.63764465,1.0093
-0.2626471,1.3232
0.08512765,1.7553
-0.08552593,2.6432
-0.17422813,1.508
-0.118119895,1.1785
-0.43008536,1.4408
0.009235442,0.4938
-0.26810235,5.6838
-0.054591358,0.522
-0.21189374,-0.3377
0.1478613,-0.605
0.16390926,3.2635
-0.31544954,1.3572
-0.46132362,0.7051
-0.32681364,0.2133
-0.07629269,0.6195
-0.18440855,0.1454
-0.47475523,0.7993
-0.15634465,0.4391
-0.28709537,0.633
-0.17402023,1.2136
-0.15884596,0.8722
-0.55564624,-0.1961
-0.34530872,0.3453
-0.18571323,0.5773
-0.04620236,0.3766
0.6258871,1.6706
-0.2861845,0.5351
-0.17251843,1.2363
0.37296325,1.8696
-0.5112018,1.8055
0.07953292,3.3407
-0.34496212,1.7489
-0.21983254,0.5143
-0.29224974,2.8839
-0.23566753,1.9128
-0.3220982,0.8446
-0.28710675,0.223
-0.17856434,-0.2901
-0.2615618,-0.1218
0.085786045,-0.0822
0.0013489127,-0.2961
-0.36949962,-0.1218
-0.5783302,-0.1293
-0.56074613,-0.0458
-0.41123646,-0.2581
-0.34376293,-0.0537
0.3275624,-0.049
-0.2964942,0.1369
-0.52032274,0.769
-0.49606842,1.432
-0.4744479,2.182
-0.26311576,0.7562
-0.1997599,3.0746
-0.1676048,1.9842
-0.3378458,4.3193
-0.12170845,1.7184
-0.11714393,1.0796
-0.57730037,0.752
-0.06506246,-0.1079
-0.16815263,-0.0159
-0.2947392,0.5953
-0.3618163,0.1268
-0.21603876,-0.287
-0.48444682,-0.0068
-0.22673994,0.6756
-0.33302635,1.2334
-0.012595832,1.643
-0.3352207,0.5163
-0.33093256,1.1879
-0.43004435,3.8399
-0.19148797,2.3656
-0.33430153,0.1519
-0.34087762,0.4353
-0.17449802,0.1883
-0.3796177,0.1025
-0.3328526,-0.0973
-0.23392013,0.033
-0.038432717,0.4738
-0.58915675,-0.3825
-0.053426206,1.612
-0.37823898,4.0021
-0.03388852,2.1503
-0.22889668,0.6297
-0.285448,-0.1488
-0.46474606,0.8511
-0.24104959,0.5728
-0.042535245,0.4124
-0.31579274,0.2448
-0.43590605,0.4016
-0.22752899,0.5654
0.25418597,3.5878
-0.31810835,2.7345
-0.30653536,0.5144
-0.34784365,-0.2012
-0.27844045,0.6518
-0.24314135,1.014
-0.32539907,0.2532
-0.3951493,-0.1406
-0.2097947,-0.4294
-0.3995102,-0.5379
-0.18620312,-0.3745
-0.19698966,-0.2002
-0.18097627,-0.4329
-0.49930662,-0.5698
-0.3081931,-0.3021
-0.19091648,-0.2109
0.044133246,-0.0181
-0.33061153,0.1062
-0.3750078,0.5906
-0.2623592,0.7763
0.014542758,0.8061
-0.21988586,4.0078
-0.26922578,0.5273
-0.26209807,0.0817
-0.24719442,0.5403
-0.3527329,2.0241
-0.2869249,1.447
-0.2707706,1.2247
-0.34769338,0.5504
-0.2858441,0.192
-0.31199217,0.5127
-0.32060203,-0.2785
-0.2599374,-0.1062
-0.3153057,0.2065
-0.31190556,-0.3487
-0.26668346,0.2614
-0.34862974,0.2569
-0.15518403,-0.0071
-0.26679063,-0.0259
-0.40033737,-0.1274
-0.32719034,0.7315
-0.31668586,0.0181
-0.26719838,-0.2442
-0.27548987,-0.4133
-0.21515052,-0.1875
-0.32420042,0.6589
-0.28166533,0.0569
-0.23961985,-0.339
-0.3228767,-0.4292
-0.3225851,0.1345
-0.238527,-0.4984
-0.29331458,-0.6685
-0.413862,-0.117
-0.33514997,-0.0705
-0.23773277,-0.328
-0.3254935,-0.0359
-0.20123927,-0.0637
-0.29043448,-0.5829
-0.25082782,-0.0049
-0.24809268,1.3283
-0.32086274,1.0808
-0.2920081,-0.2418
-0.23665735,-0.2142
-0.30567992,-0.3944
-0.30096924,-0.0538
-0.32819822,-0.5539
-0.28293976,-0.4121
-0.30258715,-0.4674
-0.26049697,-0.6975
-0.33471704,-0.5211
-0.24900177,-0.43
-0.34027135,-0.4824
-0.3186839,-0.5142
-0.2586939,-0.4128
-0.2716812,-0.1687
-0.29022318,3.6583
-0.2660215,3.6516
-0.29276434,0.4737
-0.25694615,0.6796
-0.31126255,0.3302
-0.27252164,0.5452
-0.27227712,0.5705
-0.29525098,0.8534
-0.28124082,0.9651
-0.30641142,0.4186
-0.2874904,1.1328
-0.28295034,0.8133
-0.29237747,0.0131
-0.284913,-0.2367
-0.29697698,0.4266
-0.31146595,-0.2778
-0.29055575,-0.0667
-0.27829108,0.3338
-0.2939199,-0.0778
-0.30313802,-0.2577
-0.28874114,0.2209
-0.29587045,-0.0289
-0.2886687,0.2648
-0.2816044,0.8459
-0.2988623,1.1574
-0.31614053,1.2796
-0.3226007,1.3954
-0.3185773,0.8394
-0.29018182,0.7289
-0.25618905,0.5217
-0.24633162,0.7849
-0.33809495,0.6345
-0.23849422,-0.1231
-0.34483868,0.4588
-0.26302835,0.0088
-0.29607537,1.1053
-0.3117563,0.158
-0.29785603,0.4313
-0.3329418,0.3352
-0.25990504,-0.1703
-0.3072119,0.0651
-0.31433478,0.1465
-0.40086967,0.4708
-0.34027147,0.8199
-0.23487455,-0.2073
-0.29467642,0.6541
-0.284284,1.0543
-0.2919739,0.1974
-0.33737993,1.3719
-0.24833038,-0.0432
-0.28768224,0.3225
-0.3892878,-0.1118
-0.21842134,0.2382
-0.3357443,0.0739
-0.33116174,0.0742
-0.32542092,0.2969
-0.29601556,0.645
-0.39562166,0.2465
-0.4709824,-0.0633
-0.19623312,-0.3878
-0.24401283,0.0646
-0.37950203,0.4851
-0.34764662,0.0233
-0.4450178,0.1522
-0.31913906,0.4053
-0.27948266,0.4813
-0.2855638,-0.247
-0.30393186,-0.0955
-0.30441993,0.2428
-0.27073622,-0.4921
-0.3397273,-0.5968
-0.27015933,0.0602
-0.31438032,-0.3377
-0.2027113,-0.4993
-0.3508076,-0.4794
-0.26700842,-0.5142
-0.25455263,-0.3435
-0.24971712,-0.4391
-0.21053761,-0.3468
-0.3254504,-0.6251
-0.37767258,-0.2044
-0.2668506,0.2523
-0.28933144,0.7284
-0.28799665,1.9642
-0.2859417,0.7975
-0.2942184,0.9607
-0.305177,-0.2551
-0.30363318,-0.3374
-0.28660256,-0.6179
-0.30950576,-0.4092
-0.27960137,-0.3274
-0.28907925,-0.3084
-0.27680263,-0.4976
-0.3106159,-0.7411
-0.29731217,-0.169
-0.28818294,-0.3842
-0.2946917,-0.3081
-0.28101712,-0.0912
-0.29871556,-0.5297
-0.29231262,-0.4982
-0.2928345,-0.4164
-0.28550658,-0.4766
-0.29586208,-0.288
-0.30582646,0.1481
-0.2934538,0.2351
-0.29077694,0.2502
-0.30918452,0.4649
-0.2976258,0.0979
-0.31357476,0.3765
-0.28718987,0.1756
-0.30975834,0.0543
-0.28750175,-0.2275
-0.2928759,-0.4352
-0.30473113,-0.3084
-0.28693143,-0.3956
-0.3021495,-0.3144
-0.29626775,-0.5539
-0.2982779,0.1136
-0.29106715,-0.1655
-0.3004381,0.0962
-0.29677543,0.5937
-0.292024,-0.0667
-0.30134603,0.021
-0.30117542,0.4925
-0.30264422,0.3511
-0.29721284,0.729
