000753-pred,000753-true
-0.15647803,0.2036
-0.15684302,2.2515
-0.15499324,-0.4065
-0.15785222,-0.3125
-0.15619192,-0.5072
-0.15742494,-0.1736
-0.17824027,-0.3263
-0.18736172,-0.6092
-0.16910419,-0.6531
-0.17625618,-0.5522
-0.16239937,-0.3071
-0.1588418,-0.5818
-0.15997304,-0.6256
-0.16976802,-0.5994
-0.16773985,-0.5785
-0.14625724,0.4854
-0.16074105,-0.5238
-0.16737908,-0.5555
-0.16622327,-0.1736
-0.16977452,-0.1263
-0.17439252,-0.65
-0.15206522,-0.41
-0.15084134,-0.5391
-0.16539466,-0.6235
-0.1836894,-0.3643
-0.16639337,-0.6381
-0.15055217,-0.5991
-0.16516581,-0.6367
-0.17785193,-0.5224
-0.15881273,-0.1614
-0.15722325,-0.4452
-0.19410133,-0.1032
-0.19873257,-0.57
-0.17877099,-0.6017
-0.17697805,-0.5424
-0.15657462,-0.403
-0.16474141,-0.4816
-0.15468949,0.1083
-0.16691744,-0.2817
-0.14681438,-0.1661
-0.18142879,-0.3371
-0.17035231,-0.4851
-0.17250882,-0.1862
-0.1693658,0.3646
-0.16498557,-0.0035
-0.1610386,-0.3132
-0.1549454,0.0997
-0.14915523,-0.5754
-0.17402442,-0.5499
-0.17429475,-0.4783
-0.17157108,1.0167
-0.17872968,-0.5496
-0.19016805,-0.5597
-0.17221266,-0.5618
-0.18725377,-0.6479
-0.17756316,-0.5487
-0.17596157,0.1445
-0.18597224,-0.1149
-0.17273019,-0.4131
-0.18110898,-0.2454
-0.1646078,-0.3971
-0.17661431,-0.6167
-0.16781203,-0.5583
-0.16136138,-0.5189
-0.16103922,-0.5126
-0.16148764,-0.5956
-0.1688281,-0.5417
-0.15393001,-0.6561
-0.17554569,-0.0891
-0.17870313,-0.5679
-0.16795024,-0.6371
-0.19075473,-0.6532
-0.18711315,-0.4967
-0.18787792,-0.5841
-0.16794409,-0.5852
-0.16833922,-0.5965
-0.16256766,-0.5471
-0.18501666,-0.4398
-0.17902006,-0.6172
-0.16212854,-0.0624
-0.16849181,-0.3007
-0.1815307,-0.2184
-0.1711504,-0.1398
-0.15683587,-0.2543
-0.17254335,-0.2357
-0.15446852,-0.3939
-0.21285596,-0.4382
-0.17283973,-0.5339
-0.17594764,-0.41
-0.18989813,-0.5421
-0.17679268,-0.5907
-0.1748057,-0.4288
-0.17516226,-0.5257
-0.16757274,-0.5384
-0.17254402,-0.6667
-0.18481147,-0.3955
-0.16962034,-0.4915
-0.17275573,-0.388
-0.18114096,2.4389
-0.17920756,0.4884
-0.16931853,0.0666
-0.18085389,-0.1236
-0.17327674,-0.2733
-0.14393274,-0.499
-0.16377202,-0.5799
-0.16712442,-0.376
-0.19221148,-0.4879
-0.1741503,-0.533
-0.1899429,-0.5365
-0.18180567,-0.6193
-0.169104,-0.5759
-0.16104266,-0.361
-0.17000704,-0.5219
-0.17286618,-0.4471
-0.17111656,-0.4947
-0.16786675,-0.5834
-0.19012183,-0.3183
-0.18550915,-0.4241
-0.16350617,-0.3204
-0.15502733,-0.2601
-0.16567901,-0.3296
-0.16543868,-0.2719
-0.14814445,-0.4973
-0.15799773,-0.5485
-0.17001615,-0.5386
-0.168892,-0.2827
-0.16668162,-0.659
-0.16128473,-0.2435
-0.1496315,-0.509
-0.16268261,-0.4025
-0.19459642,-0.4922
-0.17085542,-0.5524
-0.17223832,-0.5618
-0.15739955,-0.1853
-0.17466624,-0.5198
-0.19232279,-0.3387
-0.17681137,-0.5456
-0.17746273,-0.3472
-0.17546889,-0.6144
-0.15667772,-0.2902
-0.16085543,-0.4122
-0.15917501,-0.3019
-0.15169677,-0.6331
-0.1564947,-0.5668
-0.15609545,-0.532
-0.16309538,-0.281
-0.16767114,-0.0114
-0.15811352,-0.442
-0.15769693,-0.4593
-0.16895503,-0.6578
-0.18724985,-0.5284
-0.16897848,-0.0296
-0.1582959,0.0479
-0.1604106,0.6213
-0.14976759,-0.5323
-0.16000804,-0.5241
-0.16596743,-0.157
-0.16307901,-0.3033
-0.15095203,-0.1196
-0.1558874,-0.1161
-0.15466367,0.0117
-0.14850299,-0.4954
-0.14798856,-0.4246
-0.15869711,0.0576
-0.15789738,-0.4626
-0.15126182,-0.2336
-0.15543553,-0.3451
-0.16012818,-0.3659
-0.15396202,0.3297
-0.1541066,-0.4769
-0.17161116,-0.3706
-0.1722498,-0.2355
-0.16952726,-0.3636
-0.15145046,-0.1689
-0.15774804,0.359
-0.15087646,-0.2909
-0.16527428,-0.3174
-0.16353483,-0.0143
-0.14835668,3.5668
-0.1576441,1.0557
-0.17485626,0.2628
-0.17765805,0.5175
-0.17682342,0.1563
-0.19233462,-0.3134
-0.16833621,-0.0558
-0.16780284,-0.1712
-0.17872688,0.1387
-0.17579816,0.2142
-0.1818178,0.1997
-0.1807422,-0.4476
-0.17434172,-0.4091
-0.19537401,-0.5564
-0.18135789,-0.5307
-0.1708177,-0.494
-0.19111171,-0.2716
-0.17756793,-0.3812
-0.1669682,-0.4645
-0.17475852,0.8747
-0.19859603,0.115
-0.17953159,-0.2024
-0.18307203,0.0223
-0.1890829,-0.399
-0.18267313,0.339
-0.17465404,-0.1022
-0.16422959,-0.4931
-0.17146602,-0.4563
-0.18197605,-0.5759
-0.18241623,-0.3399
-0.20519543,-0.2876
-0.1703903,0.7042
-0.16862036,-0.2243
-0.1858126,-0.2404
-0.17577112,-0.3256
-0.18786584,-0.1454
-0.1703428,5.6659
-0.19559422,0.5227
-0.20871444,-0.0629
-0.19329794,0.0974
-0.17659785,-0.3835
-0.19501586,0.8068
-0.20735645,-0.2651
-0.1771115,-0.0314
-0.15261549,-0.3568
-0.15813959,-0.3826
-0.16497658,-0.342
-0.16741353,-0.5083
-0.17531925,-0.3028
-0.1772845,-0.385
-0.18426378,-0.1642
-0.1818089,-0.186
-0.18663394,-0.3514
-0.18035814,-0.5853
-0.17244908,0.3127
-0.17009789,-0.3514
-0.16287228,-0.3279
-0.1944528,-0.1611
-0.17989933,-0.4208
-0.18632552,-0.2372
-0.18076828,-0.1604
-0.17296699,0.4995
-0.18915282,-0.0267
-0.19334194,-0.1201
-0.19673727,-0.2221
-0.15764144,0.1214
-0.18432719,-0.262
-0.20599,-0.0722
-0.20364884,-0.601
-0.20639893,-0.5065
-0.20830351,-0.4495
-0.19923198,0.1305
-0.17753214,-0.2972
-0.17861792,0.3259
-0.18905106,-0.5121
-0.22191644,0.2095
-0.23425446,0.3528
-0.20743477,-0.1602
-0.18741322,0.1139
-0.17928787,-0.2077
-0.1901989,1.2568
-0.1853401,0.2065
-0.20893285,-0.3826
-0.17425437,-0.4562
-0.16833542,-0.2693
-0.1795703,-0.4255
-0.1720701,-0.5362
-0.17370321,-0.4584
-0.20987043,-0.3986
-0.16932058,-0.1614
-0.1802158,-0.1384
-0.17787403,-0.4584
-0.16851035,-0.5151
-0.18780059,-0.2353
-0.18992962,-0.1862
-0.20889181,-0.5142
-0.17208011,-0.4063
-0.19036113,-0.2078
-0.20356214,-0.5173
-0.19747955,-0.3007
-0.199314,0.0509
-0.19489007,0.1802
-0.17164393,-0.6585
-0.16759132,-0.4091
-0.17940117,-0.3662
-0.1809648,-0.5487
-0.18504465,-0.5499
-0.20313403,-0.6339
-0.19116013,-0.6716
-0.19471999,-0.6139
-0.19185857,-0.5072
-0.180534,-0.1832
-0.18172841,-0.3988
-0.18654662,-0.513
-0.17388631,-0.6313
-0.19672856,-0.6193
-0.19373065,-0.5977
-0.19811502,-0.6324
-0.1773296,-0.2569
-0.18737134,0.2318
-0.20873588,-0.419
-0.20186473,-0.217
-0.15892155,0.9959
-0.18842857,1.0245
-0.20089711,0.4005
-0.2016992,-0.3308
-0.16602747,-0.3221
-0.16808201,-0.5914
-0.18216285,-0.5189
-0.17729539,-0.5944
-0.1674928,-0.068
-0.17647006,-0.3934
-0.16081564,-0.4462
-0.18483101,-0.5049
-0.1738252,-0.1123
-0.19120593,0.9664
-0.20966004,-0.2848
-0.16367133,-0.5349
-0.17153904,-0.3615
-0.19563212,-0.2729
-0.18150851,0.5159
-0.17834178,0.6018
-0.26225486,-0.1058
-0.21024927,0.2901
-0.26508233,0.3442
-0.22359182,2.3791
-0.18569852,0.7955
-0.200829,-0.3725
-0.1905907,-0.2266
-0.14829974,-0.2932
-0.20558318,0.3425
-0.18746701,0.0317
-0.1862835,-0.1534
-0.1976582,-0.3706
-0.2308034,-0.4098
-0.19716702,0.7623
-0.25824586,-0.1776
-0.24842328,0.6162
-0.15334323,-0.4281
-0.19138122,-0.2207
-0.17266399,-0.0973
-0.24839768,0.2731
-0.2378261,-0.091
-0.20395267,-0.2913
-0.22786221,-0.0155
-0.18531713,0.1136
-0.20492968,-0.0609
-0.2166339,0.9985
-0.19158731,14.5984
-0.28004336,3.0303
-0.25745755,2.0532
-0.36494896,0.3512
-0.25917524,2.2734
-0.26139724,0.7064
-0.2363129,1.2829
-0.24861562,0.3643
-0.1822376,-0.0727
-0.14791209,0.252
-0.22979736,0.2957
-0.14511235,0.0693
-0.24580537,1.0022
-0.23949856,1.073
-0.21260159,0.0887
-0.19682702,1.4849
-0.22457916,2.9508
-0.18204856,1.1021
-0.21689543,0.8812
-0.21346375,0.3681
-0.25616986,-0.2578
-0.18851528,-0.0837
-0.30461228,1.1272
-0.33310056,1.1643
-0.24493343,-0.1679
-0.2118324,0.0394
-0.19535741,-0.3213
-0.1391727,0.6906
-0.22036517,0.6725
-0.17767817,-0.2182
-0.2113016,0.0204
-0.20103166,0.133
-0.15427943,0.4202
-0.17056045,2.4027
-0.19962116,7.5969
-0.18851551,2.0981
-0.19235975,0.761
-0.1681086,0.9424
-0.20180929,1.8335
-0.15717967,0.6637
-0.21359979,0.1802
-0.17134963,0.8917
-0.24644771,-0.0768
-0.28627515,0.2801
-0.16950344,-0.4417
-0.27648365,-0.1314
-0.28360283,0.1016
-0.22657335,-0.0659
-0.18312207,0.3612
-0.29122376,-0.0821
-0.2354401,0.2151
-0.3386038,0.9419
-0.29953784,1.2119
-0.25656387,0.683
-0.24889827,0.1368
-0.26359183,0.7249
-0.22636834,0.9703
-0.16777337,0.5147
-0.17858551,-0.2428
-0.16357218,-0.384
-0.14026392,-0.4361
-0.2200849,-0.4206
-0.17337058,0.1338
-0.15237337,-0.2917
-0.16019899,-0.3075
-0.20121087,0.1266
-0.1866563,-0.1872
-0.18588927,0.077
-0.19856754,0.1823
-0.24723545,0.19
-0.2223991,0.0101
-0.18714648,-0.1485
-0.19330594,1.4056
-0.22269066,1.1718
-0.22377606,-0.4021
-0.18028724,-0.1811
-0.166022,0.1687
-0.18601134,-0.3532
-0.19766605,-0.4882
-0.1877606,-0.3955
-0.18497244,-0.3733
-0.19109946,-0.3441
-0.22551948,-0.3971
-0.18025106,-0.3423
-0.18525964,0.7546
-0.19855514,-0.2092
-0.20835228,-0.0058
-0.20759484,-0.1572
-0.20810091,-0.273
-0.20612705,-0.3493
-0.19186847,-0.3254
-0.18335697,0.1701
-0.16604786,0.1652
-0.17766732,0.4463
-0.16235243,-0.0645
-0.15454799,0.7496
-0.17672822,0.1593
-0.17830075,-0.3648
-0.18031299,-0.1938
-0.16593015,-0.4068
-0.21693777,0.1368
-0.21791506,-0.1811
-0.17975669,-0.0129
-0.1755932,0.0319
-0.16196726,-0.2292
-0.17321537,0.0427
-0.19190818,-0.5337
-0.18718815,-0.3695
-0.15296556,-0.6106
-0.19553185,-0.1079
-0.18055168,-0.0786
-0.14455087,-0.1919
-0.17307533,-0.4145
-0.2013437,0.5506
-0.17669941,-0.1717
-0.18449542,0.0685
-0.17386085,-0.3411
-0.18017375,-0.5456
-0.16478506,-0.5421
-0.16676642,-0.2655
-0.3227534,0.2611
-0.198973,-0.5445
-0.15292245,-0.2796
-0.15767066,-0.2402
-0.16398358,-0.3521
-0.15277006,-0.5576
-0.18598665,-0.3301
-0.1933867,-0.5508
-0.1440325,-0.4244
-0.18280295,-0.3493
-0.18097171,-0.0026
-0.14683858,-0.186
-0.17228076,-0.1145
-0.21392234,-0.3455
-0.15490654,-0.1159
-0.17388467,1.0959
-0.20410696,2.5191
-0.1628188,0.944
-0.1681679,0.1185
-0.15885061,-0.3641
-0.17897308,-0.2233
-0.16323379,-0.3481
-0.21074688,0.3472
-0.23968792,-0.2587
-0.18098745,-0.4035
-0.16281456,0.3432
-0.1804705,-0.3101
-0.1669136,-0.4211
-0.1843076,-0.5829
-0.16393231,-0.3514
-0.14909442,-0.297
-0.18753953,-0.2665
-0.14470154,0.0076
-0.20885482,0.5501
-0.24648309,-0.4004
-0.18693179,-0.3179
-0.24466687,-0.323
-0.16056745,-0.5041
-0.17432852,-0.3268
-0.167266,-0.5339
-0.16153988,-0.4842
-0.1918152,-0.1133
-0.19046566,-0.2278
-0.16263515,-0.5609
-0.16810569,-0.5649
-0.18291648,-0.2203
-0.17508456,-0.6203
-0.19844368,-0.6062
-0.18642113,-0.6005
-0.16714573,-0.6228
-0.14944953,-0.3738
-0.25515583,-0.4072
-0.21908654,-0.4645
-0.1974353,-0.2619
-0.14950079,1.3167
-0.17178787,-0.472
-0.16597748,-0.5801
-0.16470894,-0.2949
-0.14952298,-0.3125
-0.15234132,-0.5109
-0.15821871,-0.6554
-0.16222323,-0.2221
-0.15895197,-0.4727
-0.15888695,-0.5161
-0.17333649,-0.4201
-0.18784246,-0.659
-0.17958775,-0.5973
-0.1793538,-0.4907
-0.17403243,-0.4853
-0.15938751,-0.5358
-0.21669725,-0.4288
-0.19876307,-0.5449
-0.23046508,-0.4204
-0.17927967,-0.038
-0.15388915,-0.471
-0.15354024,-0.5679
-0.15843423,0.0216
-0.14855777,-0.2986
-0.1428098,-0.5372
-0.15749024,-0.3713
-0.22534475,-0.457
-0.1521809,-0.1933
-0.15812206,-0.4401
-0.15399039,-0.5844
-0.15702547,-0.3425
-0.16137935,0.0103
-0.15932459,-0.3967
-0.15240428,-0.0896
-0.16371827,-0.6292
-0.16073048,-0.2078
-0.15926845,-0.422
-0.15619001,-0.3035
-0.16444328,-0.4797
-0.18081105,-0.1637
-0.17200655,-0.4851
-0.16692543,-0.2191
-0.17214051,1.1711
-0.15372479,-0.5046
-0.15431295,-0.449
-0.17610687,-0.5944
-0.18383819,-0.4532
-0.18260233,-0.3622
-0.16713907,-0.5243
-0.15911886,-0.2714
-0.16301584,-0.1382
-0.16759236,-0.5743
-0.16437241,-0.0833
-0.17271958,0.2044
-0.17101625,-0.2482
-0.16927809,-0.4495
-0.18380487,2.17
-0.1754146,-0.0945
-0.1770687,-0.3229
-0.17775127,-0.0087
-0.22520258,0.1204
-0.181382,0.2621
-0.1922158,-0.2017
-0.19564131,-0.1907
-0.19968495,-0.3078
-0.18285361,0.3341
-0.20205623,0.1454
-0.17773002,-0.2552
-0.18162355,0.0526
-0.18041424,-0.3204
-0.18898062,0.3209
-0.18230557,0.53
-0.17487186,-0.3296
-0.18773165,-0.3641
-0.20893487,0.5959
-0.20384495,-0.4075
-0.20420766,0.547
-0.17925441,-0.2449
-0.2004496,-0.0912
-0.19662517,0.4873
-0.20574921,0.6447
-0.18279982,0.8336
-0.2196224,0.5874
-0.17819303,0.1004
-0.14996278,-0.3481
-0.17391607,0.1882
-0.20094389,-0.1163
-0.18943018,0.1286
-0.18731306,-0.1766
-0.18402675,0.7262
-0.1744819,-0.5722
-0.15892981,-0.0302
-0.2178899,0.7071
-0.19810578,-0.259
-0.18867683,0.1488
-0.21604878,1.154
-0.19114304,0.3604
-0.21514551,0.3294
-0.19513226,2.024
-0.20581613,0.6594
-0.19015026,1.0432
-0.18118848,0.2736
-0.18857278,0.1192
-0.16444695,-0.2125
-0.16443059,0.2931
-0.18682767,-0.1389
-0.17020942,0.4621
-0.17482206,4.1615
-0.1861492,1.2044
-0.17408544,1.433
-0.16958845,2.5704
-0.17049246,0.7684
-0.17966425,1.0418
-0.17495991,0.2261
-0.17822832,0.2992
-0.18988064,0.6632
-0.16455743,0.9429
-0.17684112,0.1513
-0.18015693,0.9349
-0.19052291,1.4418
-0.29078525,0.7125
-0.24816403,0.1046
-0.21102893,2.8386
-0.24924442,1.1256
-0.22010502,0.2048
-0.19185683,-0.4394
-0.20156147,-0.1597
-0.15662685,-0.4319
-0.19182517,0.2287
-0.18729833,0.1797
-0.19367987,-0.1037
-0.198589,0.6792
-0.21265246,0.1051
-0.18163738,1.3374
-0.22599792,0.3397
-0.25170496,0.7423
-0.2638774,1.8218
-0.21228169,1.4364
-0.22041067,0.3648
-0.2294053,2.4577
-0.17179061,10.9437
-0.17580926,2.2654
-0.26207376,0.7924
-0.22492442,0.4457
-0.212706,0.015
-0.18861866,-0.2184
-0.22692195,0.427
-0.25075066,0.0235
-0.20844792,0.1105
-0.2787602,-0.0933
-0.26849097,0.0866
-0.31929588,0.9627
-0.2720149,1.5655
-0.24702159,0.3456
-0.24610105,-0.1534
-0.22879109,0.2154
-0.32027185,-0.3391
-0.32266453,0.122
-0.3517321,1.7361
-0.30769616,2.4981
-0.39947098,1.4444
-0.18659018,1.5108
-0.2238825,0.5569
-0.20448636,0.9486
-0.18195933,0.4425
-0.22618207,0.1309
-0.246442,-0.011
-0.24088715,1.1136
-0.33700398,2.9094
-0.17443764,0.1753
-0.22138345,0.4918
-0.23605724,0.3337
-0.23788172,0.1072
-0.19224599,0.0075
-0.27325714,0.3353
-0.20054737,1.218
-0.2986055,0.3367
-0.24159217,-0.2085
-0.10771707,0.2137
-0.29865223,2.1211
-0.35789764,1.2976
-0.22357559,0.568
-0.2789686,0.5863
-0.21984518,1.2915
-0.24340747,0.3217
-0.26836377,0.3521
-0.218351,0.1518
-0.21100545,0.179
-0.28240752,-0.1198
-0.21624666,-0.4373
-0.2789364,0.1631
-0.268024,0.5659
-0.25072882,1.8316
-0.37003988,0.2471
-0.28600633,0.0612
-0.2999944,0.1774
-0.22542506,0.7395
-0.15914826,1.4297
-0.33600718,1.6947
-0.3317787,1.245
-0.62108636,1.1618
-0.45249555,0.1237
-0.38995582,0.6876
-0.39630187,3.4619
-0.4393634,-0.1445
-0.6403345,-0.1442
-0.5728482,0.9644
-0.6390325,-0.2918
-0.6350857,1.2866
-0.4738378,0.4185
-0.48668948,0.5638
-0.38597417,0.5727
-0.57791436,0.178
-0.35823604,0.0284
-0.56795615,0.7855
-0.5361971,0.3181
-0.56781334,0.5274
-0.47059515,0.5938
-0.6453408,0.2337
-0.5675277,1.9169
-0.49169952,2.0016
-0.57927877,0.2642
-0.5130122,2.0194
-0.4803319,0.5776
-0.48690537,0.4344
-0.59449494,0.1731
-0.43877733,0.8005
-0.60803044,0.0505
-0.51028764,-0.216
-0.36280775,0.4676
-0.3802585,0.5506
-0.49268773,0.3385
-0.43650487,1.2668
-0.65969884,0.8732
-0.49600244,0.6822
-0.50986373,-0.2494
-0.5830356,0.3041
-0.40142715,0.2033
-0.5170571,-0.0475
-0.5035671,1.2151
-0.41720155,0.2787
-0.12023735,0.1828
-0.3738426,3.4335
-0.35481772,2.936
-0.30413866,2.0211
-0.4792533,0.7371
-0.41038388,3.4221
-0.4630412,3.246
-0.46587157,0.8736
-0.4129848,-0.0936
-0.36712578,0.0562
-0.38160235,-0.0401
-0.41125557,0.1598
-0.3779414,0.2464
-0.35487497,-0.0129
-0.2844637,0.4223
-0.46032515,0.099
-0.3324163,0.0057
-0.3261256,0.3355
-0.38706416,0.7536
-0.16213982,-0.0471
-0.16100253,0.7921
-0.08607802,0.445
-0.19742513,0.3254
-0.14998247,0.6067
-0.17234385,-0.3113
-0.19590744,-0.1668
-0.23060304,-0.057
-0.20464043,-0.041
-0.1914176,-0.1898
-0.22748628,0.3768
-0.24827293,1.9858
-0.2661319,0.1249
-0.22322991,0.209
-0.21133944,0.096
-0.19872269,0.6045
-0.2277858,1.8902
-0.19510177,1.6548
-0.21634236,0.4558
-0.2646336,0.6259
-0.20246623,0.5162
-0.35247454,0.1584
-0.17942216,1.0449
-0.16615129,-0.0429
-0.17265545,-0.3849
-0.17526317,-0.1696
-0.19328731,-0.2228
-0.17596631,-0.3577
-0.18125299,1.0843
-0.17656109,-0.2191
-0.16246122,0.2208
-0.15742071,0.2123
-0.18671937,-0.093
-0.16312236,-0.3035
-0.1701248,0.3647
-0.19543444,0.614
-0.18706705,0.3893
-0.15697215,0.1563
-0.18974476,-0.2273
-0.16284372,-0.1173
-0.214604,-0.1701
-0.18075925,0.1093
-0.21024881,-0.487
-0.22900915,1.0624
-0.21969295,-0.3334
-0.20570135,-0.4574
-0.18320349,-0.4973
-0.23485635,0.4972
-0.18102017,-0.1736
-0.20034766,-0.4825
-0.26612887,-0.0082
-0.24689366,-0.423
-0.21155748,0.2299
-0.18593657,-0.289
-0.19575445,-0.2289
-0.23486769,-0.5276
-0.22333731,-0.3824
-0.20834816,0.001
-0.1677761,0.1818
-0.17762738,0.0035
-0.15966333,0.3341
-0.15592103,-0.0073
-0.16711703,0.7791
-0.17859371,0.4661
-0.18554197,0.8455
-0.17579748,0.1056
-0.1551343,-0.3254
-0.16602553,-0.1677
-0.15424877,-0.1683
-0.15265721,-0.4673
-0.1633375,-0.4542
-0.16514616,-0.5182
-0.14525354,-0.0966
-0.1482121,-0.5257
-0.15283269,-0.2325
-0.17949355,-0.4469
-0.16979648,-0.5079
-0.163072,-0.3122
-0.1594568,-0.2913
-0.18770476,0.4317
-0.33330846,0.1549
-0.18060906,-0.4978
-0.14684862,-0.0225
-0.17048109,-0.1696
-0.20955789,0.8992
-0.16469982,1.0522
-0.1769739,0.1252
-0.1650669,0.1995
-0.16087672,-0.1832
-0.19383152,-0.3666
-0.18432973,-0.1471
-0.17596868,-0.0597
-0.18124585,0.2309
-0.17853948,-0.1959
-0.17626518,0.1565
-0.1770784,-0.0652
-0.17759258,-0.2843
-0.1755013,0.1511
-0.191021,0.5267
-0.19600141,0.8063
-0.18312827,0.8122
-0.17038405,1.2895
-0.15148875,0.6951
-0.15922932,0.3953
-0.1718616,1.593
-0.19139585,0.3845
-0.15053137,-0.319
-0.17592175,0.3761
-0.19562435,-0.0701
-0.15993251,-0.3347
-0.16508876,0.339
-0.15944791,1.2364
-0.16130011,-0.2585
-0.15486152,-0.3957
-0.1681236,-0.0021
-0.17052746,-0.3624
-0.17078738,-0.4558
-0.15545079,0.411
-0.16143142,-0.0443
-0.16847517,0.2353
-0.16377021,-0.0471
-0.17177248,0.3742
-0.1867451,-0.2325
-0.15801379,-0.1525
-0.16028991,-0.0223
-0.14927447,-0.4072
-0.14330548,1.3222
-0.13827027,-0.3277
-0.14218432,2.292
-0.17925516,1.0829
-0.19026178,-0.2132
-0.19812998,-0.0619
-0.20504111,-0.2496
-0.1764856,-0.0232
-0.17913777,1.097
-0.18365444,2.1209
-0.19548206,-0.1719
-0.17572024,0.1143
-0.15550672,0.034
-0.16056812,0.4967
-0.16027062,0.2468
-0.18540856,-0.0823
-0.17450726,-0.296
-0.20553035,-0.4326
-0.17181833,0.036
-0.16682388,-0.4675
-0.18625568,-0.5095
-0.2072336,-0.1609
-0.22203238,-0.4105
-0.2000325,-0.0577
-0.18663606,0.2531
-0.18018194,-0.3108
-0.19329263,-0.1825
-0.19380096,-0.4455
-0.19107346,-0.453
-0.18211816,-0.095
-0.1668386,-0.3788
-0.17171678,-0.4298
-0.17337632,-0.3061
-0.16346718,0.046
-0.1755049,-0.5215
-0.16330215,0.7371
-0.16162452,-0.2411
-0.15785632,-0.0962
-0.16124779,-0.1195
-0.1370599,-0.2723
-0.17138097,-0.1175
-0.20018949,-0.196
-0.19044569,-0.2967
-0.17793353,-0.3662
-0.16736403,-0.1804
-0.16866875,-0.4344
-0.16943663,-0.1696
-0.18094686,-0.3908
-0.18413012,-0.3885
-0.1683853,-0.4739
-0.16239588,-0.6017
-0.15896171,-0.0377
-0.16039963,-0.5075
-0.16889611,1.4807
-0.1884586,0.4143
-0.1719159,-0.0999
-0.17982197,-0.442
-0.18361396,0.0946
-0.18643454,-0.1339
-0.20507073,0.083
-0.1897032,0.1469
-0.1924912,-0.337
-0.155815,-0.4257
-0.21089359,-0.4812
-0.20536843,-0.1975
-0.18695179,-0.4361
-0.17603207,-0.1766
-0.17368445,-0.5818
-0.1881969,0.1455
-0.18037632,0.0315
-0.1938695,0.0415
-0.1900021,0.2731
-0.20136656,-0.5578
-0.22048178,0.4251
-0.15708055,-0.4092
-0.15540166,-0.0263
-0.17014621,0.0967
-0.16249076,-0.2254
-0.16697288,-0.2637
-0.15576082,-0.2551
-0.16561995,-0.4793
-0.1609341,-0.3984
-0.15876655,-0.3387
-0.15185413,0.1912
-0.15097544,-0.2611
-0.18564302,-0.3209
-0.17713511,-0.4732
-0.15017067,0.0821
-0.17127734,-0.2622
-0.14946572,-0.1025
-0.15128613,-0.2295
-0.15389411,-0.4916
-0.191091,-0.4091
-0.16286531,0.292
-0.15181462,0.8523
-0.15876424,-0.1086
-0.15399897,0.2662
-0.15533666,0.5771
-0.15080261,-0.3216
-0.15040475,0.7515
-0.15814692,0.1872
-0.15050617,-0.3211
-0.16225287,-0.5642
-0.16300137,-0.1529
-0.16004382,-0.5266
-0.1624055,-0.5841
-0.16279672,-0.4039
-0.163205,-0.62
-0.16223283,-0.3226
-0.15837637,-0.5295
-0.15155391,-0.1109
-0.15529428,-0.254
-0.156468,0.066
-0.1553734,-0.1426
-0.15228258,0.4687
-0.15577912,-0.2973
-0.15763421,-0.5069
-0.16887805,0.7513
-0.15367629,-0.3268
-0.15930112,-0.5095
-0.1508027,0.1424
-0.15486853,0.1075
-0.15998416,0.4401
-0.1534658,-0.3786
-0.17086077,2.941
-0.1577612,0.279
-0.15586421,0.1396
-0.16103014,-0.1513
-0.15026143,-0.0443
-0.16474184,-0.3
-0.16568473,-0.4443
-0.16227396,-0.5353
-0.1590146,0.1133
-0.16112497,2.0456
-0.16142775,-0.0579
-0.16225535,0.9638
-0.1519584,-0.4335
-0.14995852,-0.4122
-0.16802946,-0.2221
-0.15288948,-0.2409
-0.1836943,0.0308
-0.15851086,-0.1905
-0.16586305,0.8128
-0.15528367,-0.2111
-0.15493764,-0.4839
-0.154708,0.4413
-0.15461268,-0.536
-0.17751679,-0.1683
-0.15935081,0.4967
-0.14788602,-0.3322
-0.15392916,-0.0827
-0.16747674,0.0634
-0.15033716,-0.2228
-0.15986992,0.9449
-0.17301497,-0.1161
-0.17449513,-0.2301
-0.17455423,-0.3338
-0.1884573,-0.1396
-0.17301944,-0.4943
-0.17203872,-0.3898
-0.1715256,-0.3549
-0.17230052,1.0869
-0.17704758,0.4293
-0.17312041,-0.3204
-0.16862698,-0.0211
-0.1910167,-0.157
-0.17374593,-0.391
-0.19417086,0.0812
-0.16273873,-0.3523
-0.16194773,-0.123
-0.21769312,-0.373
-0.1953055,-0.1335
-0.19614618,0.0565
-0.18932277,-0.0915
-0.16906855,-0.3263
-0.1774611,-0.1956
-0.15935653,0.6107
-0.16214448,1.2065
-0.16727781,0.1898
-0.15285157,0.1154
-0.17012063,-0.4764
-0.18054831,0.0002
-0.15939116,-0.3469
-0.1746463,-0.3038
-0.17230529,-0.1271
-0.17336941,-0.2472
-0.1767993,-0.3781
-0.18468356,-0.4872
-0.16386542,-0.3026
-0.17641374,-0.49
-0.18618262,-0.2876
-0.17751104,0.3969
-0.17400733,-0.5032
-0.17066684,0.4446
-0.15429556,4.0622
-0.19362473,0.0638
-0.15776217,0.5131
-0.16788854,1.8502
-0.16806093,-0.2395
-0.21018809,0.2652
-0.18958846,-0.2147
-0.17064776,-0.3045
-0.17004289,1.1884
-0.16780427,-0.209
-0.17162025,-0.1356
-0.16953053,-0.0331
-0.19381604,-0.2341
-0.14919089,-0.4753
-0.17054486,-0.0708
-0.16508543,-0.216
-0.16274938,0.4148
-0.14126454,0.7246
-0.16560523,0.5935
-0.17795032,1.1089
-0.15220848,-0.2172
-0.14693266,0.2951
-0.16298777,0.0096
-0.15936989,0.0284
-0.17106952,0.0265
-0.16027886,-0.0338
-0.15460262,0.5295
-0.15583722,-0.0246
-0.14736116,-0.087
-0.16373757,0.0465
-0.18377815,0.4138
-0.1589565,0.9602
-0.17919305,-0.3737
-0.15673746,16.9392
-0.24748342,2.2423
-0.1773733,1.3413
-0.20885572,1.3132
-0.17990819,2.042
-0.16497916,1.1475
-0.17312874,1.9317
-0.14832726,0.5333
-0.16826144,0.427
-0.15794587,1.1491
-0.15572475,0.1124
-0.1563427,0.608
-0.15697132,-0.1053
-0.14980005,-0.1364
-0.14843558,0.6439
-0.16197345,0.4323
-0.1521416,0.1119
-0.16671836,-0.2871
-0.15319479,-0.1393
-0.16226889,-0.4091
-0.2400504,-0.3439
-0.18413475,-0.4651
-0.22483905,1.5118
-0.19142148,0.9398
-0.18844128,0.4877
-0.17428996,0.5443
-0.19353843,2.2458
-0.16295142,1.086
-0.14712597,0.1035
-0.14332059,0.4415
-0.17140238,-0.3486
-0.1524876,-0.3014
-0.16489357,-0.3305
-0.15684956,-0.1055
-0.1707442,-0.2097
-0.19763225,0.0955
-0.14519954,0.1856
-0.15126278,-0.4595
-0.1478713,-0.1961
-0.16472347,-0.5088
-0.17671221,-0.3455
-0.18963555,-0.1677
-0.20263198,0.2975
-0.20214102,0.1783
-0.19354835,-0.213
-0.24859889,-0.1602
-0.20694098,0.9867
-0.16119926,0.0014
-0.16233782,-0.3369
-0.16889694,0.9382
-0.18520199,0.1863
-0.1725996,-0.3115
-0.15450859,-0.2864
-0.15326127,-0.0555
-0.18884325,-0.4595
-0.18116745,-0.0007
-0.15098497,-0.2045
-0.15999117,0.7521
-0.18862215,-0.2639
-0.1907628,0.5827
-0.1770357,0.8537
-0.16287574,0.2215
-0.16032533,0.1987
-0.16534097,0.0317
-0.17873836,-0.1224
-0.16100061,0.5054
-0.17973834,0.5159
-0.17487355,0.3561
-0.15126385,0.27
-0.15931565,-0.1698
-0.16086604,-0.0415
-0.14572693,-0.3861
-0.15377897,1.2344
-0.14623195,-0.1289
-0.15178041,-0.1811
-0.14974095,-0.4098
-0.14216268,-0.5046
-0.163809,-0.2681
-0.13964735,-0.1776
-0.14317922,-0.4664
-0.14278895,-0.2067
-0.16119982,-0.4415
-0.15249202,-0.2538
-0.1549864,-0.2013
-0.16157906,-0.381
-0.16721557,-0.2045
-0.16296223,-0.0033
-0.15104263,0.4701
-0.14857855,-0.0359
-0.16538553,0.168
-0.15778923,0.8352
-0.14481804,0.099
-0.1530287,1.1176
-0.1496518,0.7264
-0.1607064,-0.0427
-0.15604615,-0.2524
-0.15875745,-0.0581
-0.16473864,1.1012
-0.1529929,-0.0422
-0.15892744,-0.4525
-0.20093337,-0.221
-0.16352712,0.2702
-0.15858012,0.4089
-0.21835178,-0.4994
-0.1684902,0.1861
-0.16646218,0.0756
-0.17362265,0.5973
-0.15060242,0.2088
-0.16026734,0.6846
-0.14779122,0.5032
-0.14968444,-0.3026
-0.1509056,0.0779
-0.15025772,-0.2427
-0.15977034,-0.4089
-0.16249081,0.9023
-0.15144469,0.4895
-0.14510746,-0.4682
-0.14304127,0.0505
-0.15399644,-0.319
-0.15118058,-0.1224
-0.2648087,0.0479
-0.21134748,-0.3052
-0.16305546,-0.1013
-0.18084702,-0.0408
-0.15420865,-0.2922
-0.17043082,-0.0206
-0.16853194,-0.1867
-0.15358911,-0.361
-0.14889109,0.1007
-0.15270813,-0.3805
-0.14843585,-0.2341
-0.15424226,-0.0195
-0.15021157,-0.4793
-0.15758881,-0.2688
-0.16660593,-0.1121
-0.15043268,-0.3169
-0.14425673,0.0476
-0.14859681,0.544
-0.16624682,0.4394
-0.15530008,0.263
-0.18458013,-0.2515
-0.17959757,0.4538
-0.15549637,-0.0558
-0.17271385,-0.1687
-0.14136177,0.6504
-0.15409002,0.48
-0.14789572,0.4931
-0.16599259,0.3636
-0.1512301,-0.129
-0.15154569,0.2053
-0.1471666,-0.3835
-0.16719341,-0.3985
-0.16519952,-0.3324
-0.16542162,-0.5928
-0.15985587,-0.5792
-0.16095097,-0.3498
-0.18190166,-0.3418
-0.16183719,-0.5332
-0.15566617,0.656
-0.16331066,0.1682
-0.16520244,-0.4685
-0.16379553,-0.2856
-0.16951016,-0.1935
-0.16010548,0.1317
-0.15129532,0.1528
-0.15518735,0.9793
-0.163513,0.3451
-0.16052327,-0.4596
-0.15918224,-0.5133
-0.1802196,-0.3831
-0.15993637,-0.3432
-0.16927944,-0.5592
-0.17031813,-0.6303
-0.16913098,-0.6148
-0.17036155,-0.4664
-0.17351466,0.4751
-0.16103375,-0.1154
-0.16275248,-0.5433
-0.16487694,-0.5513
-0.17419758,-0.3489
-0.17106879,-0.3209
-0.160422,-0.0392
-0.15878247,0.251
-0.1652162,-0.5053
-0.16650924,0.1424
-0.17652124,-0.3216
-0.1692307,0.2271
-0.15829782,0.5569
-0.1525749,-0.1123
-0.16433144,-0.3197
-0.15897864,0.5661
-0.161608,0.6989
-0.17619167,0.0871
-0.16107345,0.3552
-0.16222692,0.6219
-0.15681896,0.2273
-0.15513676,-0.3821
-0.16709784,-0.3448
-0.15677968,0.1804
-0.1647329,-0.4722
-0.27379724,-0.4337
-0.1481328,-0.1752
-0.1509787,0.9475
-0.1694551,0.29
-0.15692832,-0.1526
-0.16530254,0.9217
-0.17715374,0.1807
-0.1747554,0.0465
-0.18236889,-0.0361
-0.18079804,-0.2911
-0.18617779,-0.0502
-0.17835562,-0.1159
-0.17360967,0.4112
-0.16494177,0.094
-0.176468,0.2405
-0.17136241,0.3669
-0.17226177,-0.3692
-0.1880381,-0.0117
-0.17792024,-0.2499
-0.18426299,-0.118
-0.16257845,-0.0589
-0.18115246,-0.3388
-0.17537154,-0.6301
-0.16904268,-0.609
-0.18030046,-0.2989
-0.17388138,0.407
-0.16928463,0.4494
-0.14799793,-0.4401
-0.15284374,-0.2472
-0.16840327,-0.2433
-0.15740901,0.0321
-0.15583558,0.0106
-0.14976147,0.9427
-0.15240692,0.9369
-0.15606742,1.0623
-0.16826552,0.3743
-0.1660827,0.126
-0.15338163,-0.3868
-0.17575257,0.2549
-0.15646017,-0.343
-0.16865255,1.0653
-0.1618825,2.4307
-0.1621897,0.114
-0.16511858,0.0922
-0.18454197,-0.4079
-0.16092528,0.57
-0.16975185,-0.0717
-0.15337847,0.046
-0.16480908,0.3355
-0.15805747,-0.2963
-0.1496439,-0.1098
-0.15267736,-0.1994
-0.1547032,-0.415
-0.1574828,-0.3143
-0.16145083,-0.5323
-0.16746557,1.2932
-0.17093982,0.4092
-0.16890492,0.617
-0.16168395,-0.2449
-0.15438984,-0.5759
-0.16407491,-0.0492
-0.15783323,-0.2029
-0.16232038,-0.1872
-0.17556152,-0.0207
-0.1624214,0.0261
-0.1721815,-0.4732
-0.15590109,-0.2677
-0.15219006,0.126
-0.15343761,-0.2862
-0.16088869,0.4319
-0.15793765,-0.2219
-0.16750205,-0.1408
-0.15374322,-0.4281
-0.17294301,-0.2256
-0.15428767,-0.5391
-0.17120662,-0.6073
-0.16163507,0.2901
-0.15523635,-0.319
-0.17058219,-0.3064
-0.16762108,-0.5478
-0.18396458,-0.0389
-0.17008942,0.2029
-0.17267916,1.0501
-0.17989174,-0.1107
-0.16350369,0.1263
-0.17417723,0.3901
-0.1585606,0.2799
-0.17119285,0.1657
-0.18305357,-0.5295
-0.16385312,0.0831
-0.19692007,0.9457
-0.18663898,0.2205
-0.1772487,-0.4424
-0.1964908,-0.2456
-0.23066498,0.0033
-0.2019375,0.8582
-0.16266921,-0.0556
-0.14629221,-0.3401
-0.18304688,-0.2637
-0.20469323,0.228
-0.19167058,-0.5255
-0.19506833,-0.023
-0.18814869,-0.2655
-0.18716648,-0.148
-0.18757702,-0.3071
-0.17310555,-0.2341
-0.16147894,0.412
-0.17443582,-0.2425
-0.17592864,-0.3171
-0.15303846,0.0971
-0.17361124,-0.08
-0.16521347,-0.414
-0.21576194,-0.5007
-0.19082995,-0.5233
-0.21920753,-0.4793
-0.19171908,-0.3462
-0.16107337,-0.4469
-0.18234968,-0.3774
-0.17474474,-0.2953
-0.22387178,-0.3746
-0.18054843,-0.1722
-0.17712218,-0.3995
-0.17649397,-0.5569
-0.19089557,-0.4823
-0.19706814,-0.5297
-0.20651853,-0.0553
-0.162632,0.2276
-0.18060863,-0.316
-0.17666608,-0.0646
-0.16322951,-0.2165
-0.17513165,-0.3136
-0.17264205,0.4291
-0.16635524,-0.2173
-0.19685885,-0.0004
-0.21437642,-0.5836
-0.16301364,0.5143
-0.14760673,-0.4553
-0.15004724,-0.2848
-0.17623177,-0.396
-0.19622132,1.2387
-0.20984916,0.2541
-0.21967049,0.3111
-0.16636953,-0.0103
-0.17650393,-0.3326
-0.20249252,-0.4298
-0.18389925,0.4598
-0.16781949,-0.0858
-0.16505061,0.255
-0.14599355,0.4199
-0.16992606,2.8515
-0.16965972,0.1649
-0.16871868,-0.4947
-0.17468435,1.0684
-0.1882232,0.1129
-0.16913158,-0.0734
-0.15196308,-0.2008
-0.16942796,-0.5376
-0.16609675,-0.3997
-0.1687684,-0.0666
-0.15008588,-0.4519
-0.20761663,0.0932
-0.17454062,-0.3425
-0.15955429,-0.6341
-0.17910035,-0.3505
-0.16991724,-0.1961
-0.16207086,0.4889
-0.15225697,-0.1593
-0.1539696,-0.3014
-0.1503524,-0.5058
-0.15386847,-0.3507
-0.15544654,-0.5393
-0.16277051,-0.2813
-0.16533256,-0.5916
-0.15147963,-0.2662
-0.15809938,0.0946
-0.15429327,-0.2022
-0.16361171,-0.3216
-0.16305944,-0.273
-0.16796947,-0.3618
-0.15845886,-0.5902
-0.15721336,-0.4197
-0.15516786,-0.1152
-0.19273213,-0.075
-0.15549684,-0.2916
-0.15740454,-0.1982
-0.1577556,0.0265
-0.1607378,0.8227
-0.14165339,-0.479
-0.1596084,-0.4218
-0.1517719,0.4626
-0.15403964,0.0411
-0.16725247,-0.1933
-0.16038041,-0.2022
-0.16593215,-0.2763
-0.1659132,-0.145
-0.15271251,0.4695
-0.16153152,-0.4624
-0.16282447,-0.3054
-0.17756577,0.1675
-0.1726614,-0.2116
-0.15330742,-0.125
-0.16542739,0.1994
-0.14967126,0.7244
-0.15358287,0.1096
-0.16430436,0.5187
-0.15528046,1.2985
-0.14936204,0.7205
-0.17151226,0.2827
-0.17141707,4.6005
-0.17685547,1.7744
-0.15968785,0.6184
-0.1636925,1.1086
-0.15327017,2.0898
-0.17742676,6.2886
-0.18682806,3.56
-0.181258,3.0084
-0.1954321,1.7077
-0.19413805,0.2405
-0.19383574,-0.0361
-0.16893066,0.6956
-0.16015516,1.2309
-0.17120577,0.6775
-0.16825786,0.917
-0.16319285,0.0275
-0.18705744,0.8653
-0.15980615,0.4057
-0.16346787,3.0424
-0.21906087,2.9008
-0.19185929,3.6605
-0.21210271,2.3622
-0.23275137,1.3895
-0.22869545,0.4818
-0.21717958,2.7209
-0.2275557,0.1886
-0.17819872,0.4686
-0.19442439,7.935
-0.23372065,5.0816
-0.38609388,0.5216
-0.31790438,1.1301
-0.26887667,0.5318
-0.20320627,0.3493
-0.26243997,1.1387
-0.2415565,-0.0007
-0.19435355,1.6832
-0.23145624,1.0991
-0.35428044,2.2576
-0.27564004,2.4621
-0.2507369,1.8416
-0.33980194,2.1311
-0.22252922,0.4875
-0.2620058,-0.0652
-0.27341968,0.2266
-0.2059393,-0.14
-0.20616707,0.0733
-0.30453464,0.4824
-0.3193267,0.743
-0.27728423,0.8772
-0.3504845,0.2196
-0.3397387,0.1056
-0.5866714,0.2642
-0.41876164,-0.4138
-0.22615218,0.6731
-0.5142452,2.7034
-0.43173495,2.1824
-0.22700724,1.9645
-0.46994403,2.4807
-0.51235354,2.9001
-0.41041097,2.3483
-0.35416245,0.9999
-0.23518251,-0.0518
-0.24544601,0.6419
-0.14325464,0.4758
-0.371971,0.8349
-0.27223438,-0.0586
-0.25610897,-0.4954
-0.2923614,0.4211
-0.30946058,-0.0887
-0.38358307,-0.1363
-0.30887073,-0.2951
-0.3244044,-0.183
-0.46717918,0.0017
-0.4439266,0.2062
-0.29265803,0.1347
-0.33630255,1.0439
-0.3424645,0.5426
-0.1476616,0.5192
-0.069743425,1.7121
-0.4341779,1.2725
-0.2190613,0.7179
-0.30531573,2.667
-0.26187393,0.9979
-0.26024166,1.3912
-0.24583678,1.8503
-0.37328207,0.0988
-0.32672617,-0.1813
-0.39792222,1.1896
-0.38639855,1.1195
-0.35060966,0.3798
-0.37912744,1.3336
-0.37098384,0.115
-0.2503208,1.1446
-0.3064095,0.1706
-0.23542643,1.0505
-1.5194508,0.2184
-0.4411527,0.233
-0.2942234,1.0728
-0.38392758,0.9217
-0.22274473,5.8177
-0.42314768,1.6072
-0.2997897,0.538
-0.29156023,0.1997
-0.14746633,0.3906
-0.28214082,0.6954
-0.32320344,0.4134
-0.26225442,-0.0206
-0.38841474,2.6357
-0.27752036,1.6441
-0.37082726,1.2972
-0.41057158,0.0178
-0.053813964,0.3057
-0.247134,1.1869
-0.319448,0.2536
-0.22446854,0.0176
-0.41241404,0.0575
-0.34982398,1.1284
-0.5146924,0.5691
-0.490855,3.4863
-0.3165768,2.2641
-0.20524645,1.3053
-0.3870795,2.3861
-0.27723458,1.3966
-0.29708976,1.2391
-0.40799373,0.5877
-0.40628493,0.2463
-0.4680813,0.1075
-0.24361509,0.8633
-0.32664937,-0.0643
-0.19446912,0.3174
-0.39456522,0.3627
-0.327152,0.2304
-0.56253386,0.6455
-0.5970447,0.3042
-0.47237784,0.8697
-0.61766,0.7181
-0.5233619,0.4874
-0.5853792,1.5519
-0.39953417,3.3571
-0.96749324,1.8205
-0.7395677,1.7963
-0.6205349,0.777
-0.71245,1.4777
-0.4058019,0.3667
-0.6391348,0.2832
-0.598489,0.5987
-0.15372527,2.4504
-0.7304083,0.1814
-0.40852484,0.0718
-0.26888153,0.0462
-0.57836175,0.4361
-0.616876,0.2069
-0.46234384,1.5782
-0.52737635,0.6233
-0.8007501,0.6313
-0.627264,0.4263
-0.7260649,2.3608
-0.5020417,0.4145
-1.0104975,2.5648
-0.24077351,1.4913
-0.31832153,0.244
-0.35785002,1.7602
-0.60908973,0.4155
-0.72260284,0.811
-0.880309,-0.1253
-0.2910757,-0.167
-0.7579489,0.4557
-0.8012075,0.3543
-0.32488543,-0.0195
-0.7198029,0.7423
-0.37974575,1.1871
-0.50273585,0.1804
-0.5413934,0.6147
-0.4328358,0.8668
-0.8429246,0.2116
-0.52231705,0.1945
-0.19573751,0.937
-0.61151934,0.5609
-0.7622005,1.0084
-0.18040362,0.2924
-0.27855504,0.4465
-0.25758696,0.0042
-0.29686707,0.2714
-0.41386786,-0.1748
-0.28228986,0.6278
-0.335782,4.3883
-0.28024486,1.351
-0.32239687,1.1667
-0.34758967,0.4803
-0.24747059,-0.3
-0.225394,0.3932
-0.32303154,0.0908
-0.15208176,-0.1482
-0.25242785,0.043
-0.31912455,-0.1515
-0.16581509,-0.0755
-0.20966154,1.0864
-0.16872375,0.7369
-0.30877143,1.1939
-0.072490096,1.3296
-0.25861585,0.5969
-0.22349374,0.3206
-0.2773068,0.3876
-0.19891381,0.2775
-0.22669902,-0.1696
-0.20516019,-0.0218
-0.2662179,0.0994
-0.23536462,-0.0841
-0.24450189,-0.0441
-0.2466224,0.5888
-0.20247956,0.5524
-0.2578596,-0.1375
-0.2552566,0.237
-0.21491536,2.1358
-0.26680058,1.219
-0.31733215,0.8152
-0.25281835,1.124
-0.29411668,1.214
-0.23438403,0.8349
-0.45724547,0.4662
-0.42987698,0.4502
-0.3690626,0.0873
-0.25811112,0.0856
-0.20335841,0.0641
-0.24609575,-0.1515
-0.19289917,-0.007
-0.23498482,-0.3284
-0.27321425,-0.1994
-0.29167664,-0.1281
-0.26826173,-0.1794
-0.32665914,0.0964
-0.24338217,-0.2566
-0.19849536,-0.1689
-0.21159986,-0.4178
-0.18636093,-0.0964
-0.22295299,-0.224
-0.24993083,0.3402
-0.27121142,0.9351
-0.2806731,0.633
-0.74182796,0.4955
-0.36297297,0.6557
-0.20190944,0.3501
-0.16297555,0.381
-0.16403669,0.5961
-0.17970915,0.7064
-0.23216695,0.499
-0.24666512,-0.1967
-0.24735723,-0.0068
-0.2243559,0.3353
-0.22594596,0.0054
-0.22518787,-0.3659
-0.17529055,0.2234
-0.20948884,-0.0488
-0.23698667,-0.3785
-0.27362666,-0.3774
-0.23840001,0.3524
-0.21920756,-0.0758
-0.24654582,-0.1215
-0.20205958,0.7127
-0.46561146,0.1186
-0.24860185,-0.1783
-0.25100195,-0.1046
-0.25524193,0.1931
-0.21272723,-0.2972
-0.23666841,0.0432
-0.21185063,-0.426
-0.18428725,0.2822
-0.20079279,-0.1694
-0.20330629,-0.255
-0.17470622,-0.2268
-0.19762608,-0.5407
-0.19009462,-0.0375
-0.19149107,0.3824
-0.1806733,-0.1201
-0.24224955,0.2388
-0.23250246,0.0727
-0.2148474,-0.4154
-0.20898879,-0.0342
-0.2100035,0.4698
-0.15058942,-0.4108
-0.14526236,-0.5998
-0.14852735,0.8925
-0.16310681,-0.4854
-0.13649742,-0.6198
-0.14666201,-0.3249
-0.15841886,0.6132
-0.16816056,-0.3847
-0.14034873,-0.5388
-0.15985292,-0.1977
-0.15629767,-0.4222
-0.19118662,-0.6212
-0.1498081,-0.1065
-0.18674928,-0.5208
-0.16093892,-0.5313
-0.14746164,-0.1102
-0.16436768,-0.5991
-0.15419124,-0.4856
-0.14172621,-0.4999
-0.1469344,0.1525
-0.22155143,-0.4007
-0.14963275,-0.5112
-0.16114607,-0.1119
-0.14253125,-0.5334
-0.16264756,-0.5236
-0.15461946,-0.5006
-0.18241319,1.4115
-0.17431758,0.9753
-0.18303844,-0.023
-0.14821564,-0.1191
-0.1541236,-0.438
-0.1502249,-0.4185
-0.1538297,-0.5302
-0.1596547,-0.1967
-0.1579089,5.0692
-0.16992998,0.6681
-0.15952976,-0.2393
-0.17246951,-0.0273
-0.16056788,0.5506
-0.16605718,0.5696
-0.19810066,0.0997
-0.18070921,-0.3657
-0.19914137,-0.456
-0.190365,-0.3699
-0.18353991,-0.4337
-0.19242187,-0.2125
-0.17395534,-0.4732
-0.19604792,-0.4945
-0.17785342,-0.4138
-0.18507263,-0.1816
-0.1642598,-0.236
-0.16136414,0.6754
-0.1656837,0.2879
-0.161232,-0.4119
-0.1744242,0.1526
-0.16708802,0.0453
-0.17810768,-0.3908
-0.17306526,-0.4252
-0.17090356,-0.213
-0.20514958,0.0164
-0.17031583,-0.1546
-0.17004023,-0.2048
-0.16377923,-0.5102
-0.16118966,0.1891
-0.15759534,-0.1243
-0.14570034,-0.6233
-0.15702511,-0.2745
-0.15167458,-0.5745
-0.1524199,-0.5592
-0.1541408,-0.3847
-0.14720222,0.7266
-0.14862853,1.9998
-0.15868253,-0.4042
-0.15279391,-0.0088
-0.15941794,-0.3338
-0.15508312,0.5628
-0.15528852,-0.5297
-0.1564816,-0.2634
-0.15075843,-0.3254
-0.16094409,0.0568
-0.22095373,-0.2304
-0.17257193,0.6343
-0.18169716,0.346
-0.18936732,-0.2097
-0.1851659,0.3589
-0.17148553,-0.1539
-0.1564318,-0.3842
-0.1920389,0.3439
-0.18659452,-0.0753
-0.1785993,-0.5298
-0.1919669,0.4481
-0.18371034,0.5416
-0.17426947,-0.182
-0.16887334,0.6878
-0.16927536,0.3825
-0.15674618,-0.2423
-0.21017686,-0.4971
-0.17548315,-0.1848
-0.19081257,0.2949
-0.18883914,-0.0478
-0.20616132,0.096
-0.19592659,-0.3718
-0.19823983,-0.2123
-0.19499195,-0.3833
-0.18567848,-0.3479
-0.2075134,-0.0471
-0.2162238,-0.5344
-0.20301157,-0.1881
-0.20826362,-0.0802
-0.21209574,-0.3584
-0.18604353,-0.3845
-0.19015302,-0.521
-0.15860477,-0.5973
-0.16978651,-0.5259
-0.18427667,-0.3289
-0.17029177,-0.2501
-0.15147175,0.0861
-0.20622303,0.3918
-0.17977628,-0.1499
-0.16426429,0.0359
-0.15076923,0.1201
-0.15586533,-0.1548
-0.15295483,0.073
-0.15502839,-0.3491
-0.15999857,-0.1015
-0.14699374,-0.2097
-0.1600917,-0.5339
-0.15330309,-0.3122
-0.15716788,-0.4051
-0.16547385,0.3939
-0.1578268,-0.3831
-0.15730953,-0.3868
-0.17864977,-0.3942
-0.15127157,-0.415
-0.156958,-0.3225
-0.14838551,-0.5501
-0.15776537,-0.1652
-0.17476314,-0.2766
-0.15664797,0.6435
-0.151759,0.4228
-0.175079,0.032
-0.16551276,-0.5719
-0.19409163,-0.2245
-0.16943216,-0.6123
-0.1669476,-0.0356
-0.20221391,-0.5191
-0.19290464,-0.4703
-0.17371659,-0.4785
-0.16933697,-0.5433
-0.16646777,-0.6202
-0.18452613,-0.5374
-0.18390977,-0.2228
-0.21991314,-0.5933
-0.19324528,-0.5698
-0.24180242,-0.026
-0.19330677,-0.6087
-0.18960313,-0.5309
-0.205324,0.1375
-0.20099568,-0.5299
-0.18345034,-0.3807
-0.18745962,0.8396
-0.19523859,-0.3775
-0.18979517,-0.308
-0.18298675,-0.3645
-0.19154304,-0.4607
-0.17065783,0.0659
-0.19485848,-0.0712
-0.16938895,0.0866
-0.17911369,-0.2008
-0.17684244,-0.5245
-0.1849392,-0.4323
-0.21252702,-0.4614
-0.18226674,-0.4915
-0.16564412,-0.5846
-0.17137417,-0.2555
-0.12305036,-0.5257
-0.19451715,-0.3948
-0.20098601,-0.4525
-0.19012442,-0.1276
-0.18090037,-0.018
-0.16040455,-0.0467
-0.16257378,-0.5818
-0.173311,-0.5677
-0.15601651,-0.5121
-0.17270538,-0.6069
-0.14923517,-0.4173
-0.16854127,-0.2606
-0.15765074,0.2808
-0.17649741,-0.5428
-0.1689484,-0.533
-0.1726526,-0.5424
-0.16744739,-0.1414
-0.16007718,-0.4563
-0.14531508,-0.4499
-0.15002126,-0.5804
-0.15658541,-0.2433
-0.16834617,-0.5107
-0.15664057,-0.3864
-0.17016408,-0.3476
-0.17146796,0.0772
-0.151916,-0.46
-0.16284443,-0.1194
-0.16405223,-0.146
-0.165544,-0.6048
-0.15716046,0.2494
-0.16006769,-0.5334
-0.17810172,-0.6226
-0.17970273,-0.5883
-0.17590304,-0.5902
-0.15670162,-0.4739
-0.1628496,-0.308
-0.17770156,-0.3889
-0.16907963,-0.2327
-0.17113757,-0.3704
-0.17075853,-0.551
-0.15886694,-0.5839
-0.19319251,-0.4363
-0.18593056,0.038
-0.18241185,-0.607
-0.1742532,-0.2746
-0.18080749,-0.0933
-0.18995482,-0.3835
-0.16616435,0.2857
-0.19228637,0.0842
-0.20321286,-0.4811
-0.19278407,-0.3204
-0.24066162,-0.5935
-0.19672841,-0.5668
-0.18271652,-0.4675
-0.1899116,-0.6181
-0.19412369,-0.6012
-0.17886156,-0.5529
-0.20583266,-0.2135
-0.17452759,-0.4373
-0.18318024,-0.5158
-0.18078998,-0.6643
-0.18768255,-0.475
-0.18956895,-0.5386
-0.17033511,-0.6043
-0.1926581,-0.2423
-0.20765099,-0.3078
-0.16335385,-0.3401
-0.19847155,-0.3716
-0.201657,-0.5731
-0.21370956,-0.32
-0.22726826,-0.5248
-0.19503334,-0.59
-0.2043217,-0.5161
-0.19846621,-0.316
-0.22055915,-0.381
-0.18122756,-0.6233
-0.19535632,-0.5302
-0.2272152,-0.1776
-0.2259025,-0.5935
-0.20998788,-0.5114
-0.20437677,-0.5881
-0.20923126,-0.3017
-0.19551331,-0.2167
-0.25229263,-0.2336
-0.23568562,-0.2357
-0.2006829,-0.6148
-0.17682913,-0.6683
-0.18376839,-0.4739
-0.1808237,-0.354
-0.22184178,-0.5738
-0.19638622,-0.3559
-0.21218576,-0.5954
-0.2360576,-0.628
-0.2087833,-0.6299
-0.20575252,-0.6048
-0.20078602,-0.3988
-0.19846377,0.399
-0.19090652,-0.4968
-0.21784057,-0.3792
-0.24586324,0.2909
-0.21951735,-0.2205
-0.23012444,-0.2827
-0.210094,-0.513
-0.21224067,-0.3014
-0.23193069,0.0947
-0.15737963,-0.5656
-0.16926748,-0.3347
-0.1564934,-0.4293
-0.15120591,-0.5658
-0.16680503,-0.5682
-0.16691367,-0.4542
-0.18934706,-0.5754
-0.17603454,-0.3451
-0.15358669,-0.6245
-0.18329647,-0.4734
-0.17853639,-0.0971
-0.16942188,-0.6151
-0.18161666,-0.5682
-0.20842946,-0.1241
-0.1764789,-0.506
-0.18386757,-0.5032
-0.17586237,-0.3631
-0.2006478,-0.4764
-0.22041123,-0.4572
-0.20259976,-0.2376
-0.17505239,-0.5536
-0.16163439,-0.559
-0.18382734,-0.0533
-0.17526975,-0.5263
-0.17192069,-0.6538
-0.18668137,-0.6001
-0.1906547,-0.541
-0.18163593,0.0342
-0.17209347,-0.4187
-0.17727576,-0.3017
-0.17669159,-0.2691
-0.18508482,-0.6397
-0.20702069,-0.5433
-0.23639894,-0.5965
-0.2095121,-0.3786
-0.22855218,-0.506
-0.20481034,-0.6125
-0.22216691,-0.4739
-0.22107631,-0.5367
-0.22550981,-0.3702
-0.18869427,-0.3418
-0.20657995,-0.4366
-0.22045617,0.4308
-0.20805976,0.0019
-0.19090489,-0.3925
-0.18675445,-0.3378
-0.18250868,-0.6238
-0.20817387,-0.6221
-0.20401475,-0.4725
-0.1964657,-0.3882
-0.20117567,-0.5818
-0.18203643,-0.6826
-0.18813106,-0.4506
-0.20055108,-0.472
-0.20574032,-0.48
-0.20069467,-0.3983
-0.20299885,-0.5698
-0.20158082,-0.3615
-0.19458815,-0.0563
-0.22697017,-0.0175
-0.22827025,0.1912
-0.1838892,-0.2925
-0.19081977,-0.5597
-0.21491383,-0.2815
-0.19985665,-0.6179
-0.18962698,-0.4279
-0.20130576,-0.1799
-0.19677263,-0.4966
-0.24788734,-0.3115
-0.2187525,-0.5503
-0.18202242,-0.575
-0.21082325,-0.4631
-0.28758842,-0.6751
-0.23251332,-0.5597
-0.23434971,-0.5384
-0.20679678,-0.4563
-0.21155253,-0.544
-0.22171074,-0.5991
-0.24651083,-0.6123
-0.24541207,-0.1492
-0.17124945,-0.4387
-0.1888395,-0.4736
-0.21459714,0.1457
-0.25607783,-0.1539
-0.23478898,-0.5794
-0.20388588,-0.4795
-0.19987667,-0.5808
-0.23100773,-0.6712
-0.24483939,-0.5046
-0.23103634,-0.5353
-0.23688135,-0.5398
-0.2894279,0.0008
-0.2255947,-0.399
-0.24663994,0.1438
-0.2498071,1.5574
-0.24459164,2.8512
-0.25701398,1.3929
-0.20361543,0.7415
-0.2640831,0.7539
-0.23115328,0.4373
-0.15402174,-0.1142
-0.17270677,-0.1574
-0.18055719,-0.2923
-0.18161972,-0.3725
-0.17123786,-0.5926
-0.16433689,-0.0697
-0.16460219,-0.36
-0.154484,-0.1823
-0.1701498,-0.3589
-0.18891242,-0.3826
-0.19020802,-0.1297
-0.17870511,-0.3828
-0.19614704,-0.6151
-0.17339802,-0.517
-0.17878933,-0.4396
-0.17613049,-0.3516
-0.16841635,-0.4619
-0.21408197,-0.4939
-0.20505698,-0.5356
-0.18714081,-0.4044
-0.16028552,-0.0832
-0.16740485,-0.5616
-0.15451103,-0.4389
-0.15393475,0.1321
-0.15681192,-0.5269
-0.15344459,-0.518
-0.16793479,-0.2946
-0.1798293,-0.6514
-0.16409567,-0.5867
-0.20565036,-0.5513
-0.17793101,-0.5224
-0.18629006,-0.4103
-0.17638169,-0.3153
-0.17736533,-0.5044
-0.16140994,-0.2821
-0.16678262,-0.2356
-0.17116395,-0.5513
-0.16374527,-0.5098
-0.20416749,-0.3352
-0.20144719,-0.3955
-0.1566279,-0.6362
-0.16147116,-0.2139
-0.16068412,-0.499
-0.15705584,-0.1302
-0.15438238,-0.4825
-0.1534824,-0.5417
-0.15136307,-0.3742
-0.15567891,-0.6484
-0.15272838,-0.4391
-0.16256548,-0.4014
-0.16324584,-0.6529
-0.18230739,-0.6613
-0.16067438,-0.5435
-0.1642101,-0.4248
-0.14383802,-0.6475
-0.16118656,-0.6446
-0.17162186,-0.5203
-0.18609312,-0.5771
-0.19457906,-0.381
-0.18357405,-0.0652
-0.15797946,-0.5834
-0.17335562,-0.4729
-0.17906207,-0.4626
-0.16779014,-0.5393
-0.16734064,-0.3251
-0.17429084,-0.3817
-0.1898481,-0.4868
-0.17751312,-0.5858
-0.18757251,-0.4359
-0.19142792,-0.6235
-0.18526025,-0.4098
-0.18374439,-0.5391
-0.19145449,-0.5848
-0.1993575,-0.2027
-0.18129143,-0.334
-0.18368405,-0.086
-0.18384731,-0.586
-0.18443935,-0.5724
-0.21873069,-0.3727
-0.22143033,-0.1541
-0.19073024,-0.2709
-0.20093676,-0.4526
-0.18819651,-0.1234
-0.17448652,-0.3849
-0.20166044,-0.2598
-0.17734793,-0.6378
-0.18941514,-0.0429
-0.18305579,-0.3148
-0.1865063,-0.4176
-0.1966353,-0.5168
-0.1974541,-0.5292
-0.22657345,-0.3716
-0.21541479,-0.6064
-0.20277464,-0.5832
-0.20862097,-0.4239
-0.17188868,-0.5262
-0.22868933,-0.5874
-0.18670665,-0.2078
-0.2164687,-0.4656
-0.22089775,0.0052
-0.18482459,-0.4503
-0.17393318,-0.2533
-0.20575008,-0.6242
-0.18533394,-0.5668
-0.17763306,-0.5189
-0.17757533,0.4912
-0.20645104,-0.3786
-0.16783974,-0.4671
-0.20855282,-0.5051
-0.21090542,-0.5541
-0.23906913,-0.0411
-0.17889282,-0.5621
-0.18961595,-0.3845
-0.18628858,-0.5726
-0.2340734,-0.5632
-0.23527095,-0.5447
-0.22294948,-0.3678
-0.17090064,-0.5142
-0.2038688,-0.1999
-0.19606137,0.199
-0.17445433,-0.4689
-0.17768183,-0.262
-0.16925474,-0.2608
-0.1681276,-0.6563
-0.17228496,-0.635
-0.17768511,-0.3826
-0.21304804,-0.6353
-0.19428259,-0.4972
-0.20676693,-0.5853
-0.19372016,-0.605
-0.17415671,-0.5893
-0.16142239,-0.4586
-0.16565457,-0.61
-0.16759932,0.6305
-0.16572127,-0.3458
-0.17592308,-0.5353
-0.18273464,-0.3971
-0.15388043,-0.1773
-0.1803412,-0.6025
-0.15432651,-0.5102
-0.15750156,-0.445
-0.16017073,-0.3777
-0.15609552,-0.491
-0.17093298,-0.2701
-0.16832227,0.3545
-0.15921609,-0.1311
-0.16240662,-0.5344
-0.18489142,-0.1874
-0.17724846,0.385
-0.19105336,-0.3638
-0.19450383,0.023
-0.18159603,-0.3193
-0.18718465,-0.4893
-0.1700344,0.0167
-0.19748113,-0.6315
-0.18040209,-0.6134
-0.1947986,-0.4863
-0.20260471,-0.4826
-0.19591974,-0.1264
-0.1901385,-0.3521
-0.19630134,-0.3408
-0.19766262,-0.43
-0.1961757,-0.5154
-0.2023968,-0.4579
-0.18970698,-0.6212
-0.22875322,-0.3075
-0.2100384,-0.3277
-0.19410889,-0.2828
-0.19105145,-0.4632
-0.21295005,-0.616
-0.2077716,-0.5184
-0.20788506,-0.6428
-0.21035632,-0.5923
-0.1998114,-0.6278
-0.18632895,-0.4862
-0.20563987,-0.3273
-0.20937707,-0.5083
-0.20182277,-0.1766
-0.22028415,-0.2827
-0.1945595,-0.315
-0.19892855,0.1933
-0.18189485,-0.5597
-0.19686136,-0.5111
-0.2100412,-0.5825
-0.18912295,-0.5421
-0.17601843,-0.5691
-0.17368129,-0.38
-0.18568024,-0.59
-0.20972465,-0.4875
-0.19433042,-0.1673
-0.16244468,-0.5456
-0.19796486,-0.5686
-0.21979,0.4594
-0.2195485,-0.5426
-0.16794042,-0.5954
-0.16585231,-0.6449
-0.20221841,-0.5273
-0.19221921,-0.1753
-0.20560943,-0.54
-0.18869393,-0.2003
-0.15950009,0.2126
-0.16212231,-0.3516
-0.17775297,0.4061
-0.16684818,-0.066
-0.16347855,-0.3892
-0.16811751,-0.2531
-0.1638002,-0.5123
-0.18556324,-0.5757
-0.16764195,-0.2449
-0.16233307,-0.5191
-0.18514213,-0.5144
-0.19429061,-0.6212
-0.1934309,-0.2503
-0.18205665,-0.1527
-0.16474281,0.027
-0.16241053,-0.563
-0.17611712,-0.4302
-0.21772724,0.0922
-0.17334443,1.2035
-0.17463797,0.1913
-0.14788532,0.0378
-0.15597665,-0.4729
-0.15287824,-0.107
-0.15396744,-0.4246
-0.15066135,-0.4272
-0.1624598,-0.2604
-0.16327947,-0.4835
-0.14923315,-0.4476
-0.14868669,-0.4349
-0.14932302,0.1026
-0.15181664,-0.3861
-0.16450478,0.0491
-0.15005386,-0.5212
-0.18163344,-0.4147
-0.15244748,-0.5567
-0.1518646,-0.0243
-0.17105675,-0.3378
-0.16436055,0.5387
-0.16402954,-0.487
-0.15394115,0.7053
-0.15068133,0.2893
-0.15915261,-0.0338
-0.17662394,-0.3655
-0.16336676,-0.2156
-0.17991172,-0.3983
-0.16217299,-0.0929
-0.15810405,-0.281
-0.1737875,-0.0467
-0.17364655,-0.0155
-0.16149296,-0.4917
-0.16782087,-0.3432
-0.17612407,-0.0787
-0.15968512,0.2475
-0.17458476,-0.5121
-0.16859233,-0.3204
-0.16339248,-0.4103
-0.1687123,-0.1816
-0.17824294,-0.2317
-0.17675994,-0.0997
-0.17727391,0.8788
-0.17078806,0.2912
-0.17793828,0.3742
-0.17055258,-0.0579
-0.16362691,-0.2325
-0.17323698,-0.6055
-0.15788856,-0.3784
-0.15132862,-0.327
-0.1668148,-0.3749
-0.1546119,-0.4276
-0.17298141,-0.6073
-0.16510873,-0.4863
-0.14879042,-0.216
-0.17698692,-0.3713
-0.18731396,-0.4717
-0.16042374,-0.2813
-0.15553625,-0.2832
-0.17681754,-0.3218
-0.1771008,-0.1241
-0.18362361,-0.2623
-0.1731414,-0.5309
-0.18421738,-0.2264
-0.1539237,-0.0978
-0.16888234,-0.5121
-0.15575923,-0.3918
-0.16177051,-0.3468
-0.17188007,-0.3232
-0.16796611,-0.0212
-0.16205813,-0.4574
-0.17426194,-0.4089
-0.15871608,-0.4478
-0.15650539,-0.5736
-0.16428286,-0.3214
-0.18741101,-0.4553
-0.16998011,-0.3282
-0.16255975,-0.1238
-0.1557157,-0.4476
-0.16096959,-0.541
-0.19503216,0.0652
-0.1844224,-0.2071
-0.15973894,2.0104
-0.15282235,0.2663
-0.15781221,-0.3798
-0.17755045,0.3138
-0.16811839,-0.4511
-0.1808694,-0.1398
-0.15101245,-0.5412
-0.1998705,-0.0819
-0.19925004,-0.0014
-0.18230994,0.1401
-0.17208813,-0.0014
-0.16364342,-0.1403
-0.16818286,-0.4321
-0.16525115,-0.0823
-0.16552883,-0.0199
-0.18416852,-0.3589
-0.18533988,-0.4973
-0.18654066,0.3744
-0.16620196,-0.1595
-0.16249482,0.3017
-0.15755336,-0.4044
-0.1655707,-0.5265
-0.15079024,-0.4764
-0.1864639,-0.4999
-0.19588841,-0.3037
-0.17630856,-0.5374
-0.21643741,-0.6207
-0.21269076,0.0141
-0.21578655,-0.5562
-0.20105141,-0.3014
-0.19724652,0.0057
-0.1965802,-0.2648
-0.20581992,-0.1091
-0.21229775,-0.5466
-0.19770007,0.2011
-0.20424165,-0.5954
-0.20133644,-0.4584
-0.20151134,-0.5466
-0.21990392,0.3383
-0.19814819,-0.5175
-0.17545377,0.2951
-0.19101013,-0.194
-0.19039097,-0.4671
-0.15786397,-0.4807
-0.18263772,-0.5438
-0.18793231,-0.5806
-0.18146698,-0.5093
-0.19992152,-0.2062
-0.21751094,-0.3697
-0.1997464,-0.2483
-0.20115921,-0.4563
-0.18587989,-0.3171
-0.18256576,-0.5053
-0.19782877,-0.5156
-0.1946024,0.0057
-0.17540778,-0.4337
-0.20001662,-0.4849
-0.22336592,-0.2529
-0.20425236,0.1717
-0.19146873,1.6376
-0.19007447,-0.0959
-0.1633836,-0.5211
-0.14783648,-0.3589
-0.16429892,-0.2559
-0.17559417,-0.5745
-0.18480605,-0.4429
-0.19653513,-0.4968
-0.18379411,-0.2634
-0.19571605,-0.3108
-0.19594988,-0.3591
-0.18180019,-0.4178
-0.16894877,-0.4309
-0.18185376,-0.3889
-0.16231243,-0.5137
-0.18368281,-0.5154
-0.20694919,-0.3024
-0.19861759,-0.5517
-0.18620276,0.0324
-0.16277537,-0.3087
-0.1779044,-0.2496
-0.2074593,0.1509
-0.152042,-0.5053
-0.16464919,-0.3547
-0.15492047,-0.514
-0.16427943,-0.2381
-0.1680375,-0.5826
-0.17813854,-0.4822
-0.16024718,0.4673
-0.17867273,-0.0833
-0.17788574,-0.1562
-0.1664805,-0.3343
-0.17346951,-0.5365
-0.18320782,-0.5292
-0.18602794,-0.5344
-0.18477538,-0.4807
-0.18699743,-0.5571
-0.19039097,-0.5004
-0.23500866,-0.4349
-0.15268494,-0.5337
-0.17179246,0.0971
-0.18434146,0.8192
-0.1721264,-0.5766
-0.16294998,0.2177
-0.15782575,-0.3932
-0.18123421,-0.2695
-0.17565136,-0.2902
-0.16353448,-0.5949
-0.15997489,0.1973
-0.17029533,-0.2017
-0.1572211,-0.3812
-0.16390519,0.2004
-0.16891983,-0.6083
-0.18348981,-0.579
-0.16737485,-0.5839
-0.16418856,-0.6402
-0.15835334,-0.6008
-0.18044005,-0.1602
-0.16943231,-0.4178
-0.16399439,-0.4964
-0.1746359,-0.4725
-0.16710846,-0.0915
-0.14742213,-0.3622
-0.14817345,-0.0129
-0.15331352,-0.3106
-0.1631324,-0.6282
-0.15283726,-0.4701
-0.14607574,-0.3061
-0.16513422,-0.4509
-0.16195437,0.3699
-0.15374598,-0.186
-0.14923272,-0.3618
-0.16283092,-0.6076
-0.16737625,-0.3624
-0.15802334,-0.498
-0.16127484,-0.5602
-0.1646251,-0.5822
-0.15732789,-0.4987
-0.15810888,-0.0141
-0.15170799,-0.5297
-0.1586169,-0.1037
-0.15827054,-0.2479
-0.15691873,-0.6385
-0.16090116,0.9893
-0.15266448,-0.4307
-0.15446553,0.2472
-0.15023093,0.6484
-0.15066838,0.6029
-0.1528323,1.4071
-0.15096776,1.4909
-0.14890556,0.0371
-0.15768103,-0.6024
-0.15948592,-0.6261
-0.1633926,0.1204
-0.158364,-0.6512
-0.16178286,-0.114
-0.16844341,-0.2376
-0.16548476,-0.4115
-0.15808685,0.5225
-0.15753093,-0.3781
-0.1578479,-0.3258
-0.14786279,0.2097
-0.16151279,-0.2578
-0.16112679,-0.6118
-0.17201176,-0.438
-0.18773094,-0.2165
-0.16575459,0.0842
-0.16805662,-0.3467
-0.1622881,-0.0392
-0.16813242,-0.3751
-0.17396331,-0.2106
-0.16070998,-0.2109
-0.16549332,-0.6259
-0.1659199,-0.6134
-0.17686334,-0.3952
-0.16598298,-0.4713
-0.15553975,-0.0366
-0.16448314,-0.3407
-0.16769618,-0.5334
-0.16900933,-0.2611
-0.16931447,-0.6048
-0.1764318,-0.2108
-0.16982667,-0.0406
-0.18183473,-0.5925
-0.20907132,-0.3166
-0.16842394,-0.3042
-0.17615475,-0.608
-0.17466754,-0.6134
-0.182055,-0.5883
-0.18163116,-0.3516
-0.19021973,-0.5236
-0.18050453,-0.4729
-0.17264506,0.4101
-0.17029646,0.2958
-0.18263313,0.5089
-0.18363391,-0.1227
-0.18381423,-0.6106
-0.18460749,-0.0638
-0.17269759,-0.4838
-0.18478183,-0.4943
-0.17526318,-0.4797
-0.16970427,0.6542
-0.19448149,-0.2153
-0.17450218,-0.5677
-0.17451875,-0.6679
-0.18170601,-0.4978
-0.16355613,-0.5618
-0.16730484,-0.3894
-0.16887408,0.3455
-0.16004908,-0.3544
-0.17587434,-0.1776
-0.175553,-0.4687
-0.16068225,-0.5825
-0.1846737,-0.6052
-0.16990736,-0.5266
-0.168677,-0.4347
-0.16638492,-0.342
-0.16408166,-0.5951
-0.17355447,-0.3258
-0.17480038,-0.5829
-0.17210671,0.0593
-0.20995769,-0.3678
-0.16821375,-0.4823
-0.1620993,-0.6611
-0.17463034,-0.4253
-0.17115633,-0.5954
-0.18545586,-0.4411
-0.15971237,0.1699
-0.17832102,0.6688
-0.18819834,-0.2965
-0.15648003,-0.4605
-0.1818855,-0.4764
-0.1810734,-0.641
-0.1669314,-0.6712
-0.1659086,-0.5853
-0.1768632,-0.2021
-0.17153192,-0.4033
-0.18910769,-0.6418
-0.17935897,-0.1131
-0.15925227,-0.4329
-0.17933913,-0.3453
-0.19375566,-0.0969
-0.17801787,-0.2463
-0.20038478,0.3019
-0.17136239,-0.084
-0.18078777,-0.5733
-0.17186292,-0.4495
-0.17173365,-0.4218
-0.17999905,-0.5675
-0.19595662,-0.5804
-0.19048154,-0.6446
-0.1918124,-0.6566
-0.17460443,-0.4898
-0.17513622,-0.2186
-0.17653182,-0.5255
-0.16963223,-0.3157
-0.20846573,-0.5248
-0.19352421,-0.189
-0.1992226,-0.5004
-0.16755807,-0.2104
-0.18386033,-0.2001
-0.18133056,0.7411
-0.21417812,-0.3357
-0.20140411,-0.6057
-0.18765774,-0.3465
-0.19016287,-0.5142
-0.19708346,-0.5133
-0.16927992,-0.3366
-0.18596053,-0.6407
-0.20645796,-0.2597
-0.17481554,-0.415
-0.19051358,-0.5255
-0.18149978,-0.4537
-0.1876121,-0.6076
-0.18509947,-0.3491
-0.19387615,-0.4828
-0.20381209,-0.4119
-0.20512688,-0.5792
-0.22247894,0.1706
-0.18092133,1.5457
-0.17271842,0.4542
-0.19089232,0.2264
-0.17267922,-0.5564
-0.17494401,-0.2559
-0.1515225,-0.3305
-0.15893175,-0.6364
-0.15545979,-0.1516
-0.17646614,-0.2981
-0.15056112,-0.3526
-0.16279905,-0.3847
-0.1491543,-0.1157
-0.16791138,-0.4854
-0.1719886,-0.506
-0.1682907,-0.5201
-0.18191406,-0.5008
-0.17660406,-0.3594
-0.16621137,0.047
-0.18401995,-0.3388
-0.19163081,-0.3964
-0.18203387,-0.3894
-0.17575938,-0.3047
-0.17959474,-0.2967
-0.12821785,0.203
-0.1637033,-0.2372
-0.1624137,-0.3932
-0.16816516,-0.6099
-0.16921599,-0.381
-0.17948507,-0.0311
-0.16954418,-0.3358
-0.16653112,-0.5621
-0.16673608,-0.6613
-0.1579904,-0.6582
-0.16830355,-0.6191
-0.17595983,0.5553
-0.15644178,-0.5768
-0.1769847,-0.6106
-0.1832475,-0.3864
-0.16579966,-0.4886
-0.18775444,-0.4617
-0.18917942,-0.4314
-0.19853881,-0.33
-0.17513558,0.9858
-0.19279633,-0.57
-0.2071285,-0.3327
-0.19011806,-0.5912
-0.22136626,-0.5222
-0.19889107,-0.5356
-0.18996221,-0.5925
-0.24036172,-0.2479
-0.19691885,-0.5597
-0.19048911,-0.4743
-0.18778996,-0.5252
-0.17637578,-0.655
-0.17474023,-0.5439
-0.18511838,-0.5773
-0.2155309,-0.5055
-0.1991986,-0.3555
-0.23805763,-0.2829
-0.21338284,-0.3765
-0.21562806,-0.0393
-0.22692329,-0.3978
-0.21724725,-0.6252
-0.19752267,0.3643
-0.19192427,0.4637
-0.20646638,0.0575
-0.18981193,-0.3871
-0.19173463,-0.3542
-0.17069983,-0.4513
-0.16902077,-0.5829
-0.18969515,-0.6439
-0.1822182,-0.6479
-0.23160855,-0.5102
-0.19609073,-0.5902
-0.18912299,-0.6669
-0.19453183,-0.6407
-0.23562853,-0.6374
-0.21291429,-0.5121
-0.2256304,-0.2488
-0.1938735,-0.5252
-0.1802855,-0.1884
-0.2227417,-0.4478
-0.27752405,0.0601
-0.1729803,0.0897
-0.16998692,-0.4785
-0.22917303,-0.5313
-0.19732866,-0.5534
-0.1743969,-0.5977
-0.16091529,-0.578
-0.2002933,-0.3939
-0.18340783,-0.5492
-0.18892424,-0.3364
-0.1722487,-0.5004
-0.19879049,-0.4893
-0.18626055,0.1187
-0.17516893,-0.0427
-0.19327243,-0.5419
-0.18485054,-0.418
-0.193549,-0.5792
-0.18003784,-0.2881
-0.19232869,-0.5971
-0.1983762,-0.5455
-0.18114755,-0.0769
-0.1641918,0.8466
-0.1639903,0.83
-0.19642395,-0.395
-0.17592302,-0.3605
-0.18633449,-0.2895
-0.1596596,0.2001
-0.17050822,-0.292
-0.17418756,-0.3268
-0.17359263,-0.5543
-0.16812234,-0.4049
-0.16221496,-0.5217
-0.16590533,-0.4436
-0.15845561,-0.5088
-0.17904285,-0.5064
-0.17793195,-0.3308
-0.17346959,-0.449
-0.2151179,-0.5958
-0.21094596,-0.4936
-0.1863144,-0.517
-0.14655471,0.6478
-0.16240767,-0.3387
-0.16911504,-0.2942
-0.16615552,0.0573
-0.1748574,-0.6015
-0.1648991,-0.5365
-0.16285862,-0.3659
-0.14991975,-0.2531
-0.16967252,-0.4316
-0.16705818,-0.4115
-0.16682321,-0.4147
-0.15291193,-0.6134
-0.1727869,-0.1595
-0.1959572,-0.1642
-0.15776396,-0.563
-0.1803174,-0.3925
-0.15626031,-0.1675
-0.16860761,-0.2939
-0.15640104,-0.1703
-0.16173176,-0.3697
-0.1681596,-0.0544
-0.16978328,0.2393
-0.16352765,-0.4851
-0.15336616,-0.5905
-0.17020129,-0.4037
-0.17357352,-0.4635
-0.16531718,-0.5227
-0.1601068,-0.3753
-0.16097452,-0.5372
-0.16384268,-0.1887
-0.17436868,-0.1399
-0.17126945,-0.1253
-0.17559116,0.2123
-0.19026595,-0.1799
-0.18769337,0.3105
-0.17344221,0.0396
-0.17158598,-0.0016
-0.17339066,-0.3197
-0.17885743,0.4193
-0.19212222,0.1311
-0.17375277,0.327
-0.16625297,-0.0183
-0.16221678,-0.0603
-0.18809009,0.5523
-0.19304797,-0.1169
-0.18297152,-0.5834
-0.1948844,-0.556
-0.17257932,0.0007
-0.21392208,-0.4366
-0.18251768,-0.4207
-0.1865633,-0.5316
-0.17042474,-0.4244
-0.17818967,-0.6005
-0.18831076,-0.5196
-0.1831469,-0.5454
-0.19020636,-0.2552
-0.18053654,-0.4666
-0.19688892,-0.5597
-0.1876603,-0.5485
-0.18876643,-0.22
-0.20129906,-0.3317
-0.18799593,-0.1548
-0.2179912,-0.5703
-0.19251272,-0.1336
-0.1876481,-0.4356
-0.23008224,-0.6104
-0.22552195,-0.43
-0.2359291,-0.0083
-0.22267467,-0.6385
-0.22842781,-0.2559
-0.2206462,-0.1253
-0.24817756,-0.4549
-0.23439401,-0.2332
-0.22785097,0.0795
-0.23326737,-0.4762
-0.24643253,-0.3849
-0.24967915,-0.2394
-0.26550692,-0.3636
-0.18582779,-0.4185
-0.21664274,-0.2932
-0.2139689,0.0232
-0.19038671,0.2
-0.1824502,-0.5628
-0.18552881,-0.2895
-0.16974518,-0.3629
-0.17819062,-0.4274
-0.18741211,-0.5151
-0.20550671,-0.5323
-0.17241696,-0.5414
-0.17641988,0.1319
-0.18764862,-0.4036
-0.19800875,-0.0525
-0.18984346,-0.3314
-0.17265348,-0.5503
-0.19548516,-0.3796
-0.18368582,-0.4753
-0.21886568,-0.5337
-0.17809784,-0.3507
-0.17929092,-0.5332
-0.19375539,-0.4154
-0.21599124,-0.5229
-0.1602675,-0.4689
-0.17943995,-0.3198
-0.17634049,-0.4722
-0.1572348,-0.6207
-0.1645458,-0.4471
-0.194668,-0.2776
-0.1765366,-0.5499
-0.22815095,-0.418
-0.16866228,-0.51
-0.17299475,-0.5923
-0.17789334,-0.4774
-0.19005336,-0.6477
-0.18378642,-0.6662
-0.16442865,-0.414
-0.17541185,-0.5356
-0.18177366,-0.4215
-0.16576752,-0.5646
-0.18651111,-0.4391
-0.18848443,-0.5527
-0.20167485,-0.3149
-0.16061307,0.651
-0.15074444,0.727
-0.16169748,-0.4389
-0.17061841,-0.4668
-0.17221776,-0.5079
-0.16942279,-0.6392
-0.1939655,-0.6184
-0.20217416,-0.5001
-0.17489244,-0.1231
-0.19312358,-0.5696
-0.19372302,-0.6163
-0.19164708,-0.1658
-0.19712499,-0.0532
-0.18567303,-0.5471
-0.18896258,-0.3312
-0.20686689,-0.6247
-0.20461482,-0.3254
-0.22292142,-0.6052
-0.20798519,0.0524
-0.19161373,-0.3326
-0.19178687,-0.5105
-0.17684285,-0.4246
-0.1963332,-0.3652
-0.19276628,-0.1647
-0.17498651,0.0195
-0.19906157,-0.3838
-0.19977897,-0.6704
-0.21933866,-0.5585
-0.20154162,-0.125
-0.20047374,-0.4912
-0.19053271,-0.6022
-0.18967837,-0.1344
-0.179111,-0.5827
-0.18940416,-0.6045
-0.18546996,-0.3657
-0.18048671,-0.5569
-0.18844299,-0.4527
-0.19994979,-0.5151
-0.2075257,-0.5269
-0.1977149,0.0946
-0.18323177,-0.4577
-0.18815404,-0.6071
-0.19925351,-0.5402
-0.2086513,0.8512
-0.20124106,-0.3684
-0.2041122,-0.3898
-0.2533237,-0.5675
-0.24214606,-0.4166
-0.20116995,-0.6491
-0.19893153,-0.5956
-0.19357878,-0.5703
-0.18882217,-0.6672
-0.17043625,-0.4197
-0.20300426,-0.5123
-0.2146075,-0.5933
-0.21799779,-0.5653
-0.19127482,-0.5801
-0.24323076,-0.5271
-0.21958432,-0.4797
-0.21818498,0.5098
-0.21351655,-0.3451
-0.19923873,-0.0324
-0.20705502,0.1587
-0.1813068,-0.2076
-0.1960738,-0.4165
-0.20001227,-0.456
-0.22201054,-0.0449
-0.19820929,-0.4736
-0.22411084,-0.1496
-0.20740819,-0.1023
-0.2226883,-0.4652
-0.19221422,0.1063
-0.21095532,-0.4007
-0.21059722,-0.4668
-0.20446384,-0.5729
-0.22547197,-0.3019
-0.22352335,-0.4868
-0.1851361,-0.1831
-0.22974892,-0.5428
-0.21409258,0.092
-0.21538216,0.4396
-0.18527322,0.0418
-0.1835201,-0.0989
-0.18576334,0.5215
-0.21178329,-0.2627
-0.21256435,0.0702
-0.20702642,-0.384
-0.19069107,0.1591
-0.23014838,-0.4483
-0.20540568,-0.4675
-0.20522779,-0.6371
-0.21237066,-0.5332
-0.18553054,-0.4863
-0.18734327,-0.5001
-0.19356693,0.0361
-0.19403484,-0.5578
-0.20178296,-0.3146
-0.19919485,-0.4281
-0.1946004,-0.1677
-0.18618196,-0.2443
-0.19342414,-0.5151
-0.17450407,-0.2878
-0.18912758,-0.4143
-0.17853901,-0.5405
-0.18796529,-0.2587
-0.20657274,0.1251
-0.17335321,-0.232
-0.22322758,-0.5001
-0.20491463,-0.5337
-0.18651938,-0.3146
-0.18307592,-0.5804
-0.1798016,0.0267
-0.19069415,-0.0385
-0.18531632,0.0709
-0.19241185,0.1573
-0.18587221,-0.5703
-0.21208322,-0.1936
-0.18444091,-0.2566
-0.19317299,-0.4361
-0.20042148,-0.5288
-0.18569607,0.2424
-0.19137889,-0.3183
-0.16547704,-0.5722
-0.17961365,-0.2991
-0.1773116,-0.3237
-0.1737774,-0.3512
-0.18294504,-0.6353
-0.19721097,-0.324
-0.20521238,-0.1776
-0.18102072,0.1452
-0.18426964,0.4397
-0.17241047,0.9623
-0.22570598,0.3726
-0.19041637,0.1579
-0.20725366,-0.4251
-0.22260636,-0.0847
-0.21188955,-0.2949
-0.19708927,-0.5027
-0.21808112,-0.1536
-0.19722624,-0.2806
-0.17613955,0.1083
-0.16767503,0.1307
-0.17457962,-0.5834
-0.19834316,-0.3303
-0.16779678,-0.2423
-0.17762002,-0.426
-0.19327764,-0.303
-0.21097922,-0.4138
-0.19151002,-0.4072
-0.19343224,-0.6249
-0.17488629,-0.5686
-0.19196495,-0.4274
-0.17834286,-0.5696
-0.20221564,-0.5368
-0.21676597,-0.4861
-0.18835196,-0.2932
-0.18469179,-0.0256
-0.18658692,0.2043
-0.18945922,-0.5262
-0.16611888,-0.2348
-0.18691611,0.1669
-0.19706112,-0.3003
-0.20462716,-0.4354
-0.21178308,-0.5543
-0.18603463,-0.4579
-0.17062648,-0.5858
-0.17129941,-0.3208
-0.21695441,-0.3746
-0.21867897,-0.3038
-0.20548269,-0.4783
-0.20686284,-0.5359
-0.22906204,-0.4666
-0.21650007,-0.001
-0.19577646,0.2871
-0.19878547,0.1595
-0.22831719,-0.3338
-0.20247728,-0.6092
-0.1988103,-0.4349
-0.20143358,-0.4065
-0.21836357,-0.4889
-0.19553533,-0.5252
-0.2206409,-0.5909
-0.19486947,-0.4337
-0.22217846,-0.6085
-0.21181805,-0.5787
-0.23132867,-0.6064
-0.21516156,-0.5452
-0.21673581,-0.6341
-0.20529094,-0.4647
-0.20805743,-0.628
-0.24979398,-0.0617
-0.25355983,-0.4183
-0.21284741,-0.6339
-0.20263284,-0.4584
-0.22612329,-0.5684
-0.22469047,-0.6355
-0.22274673,-0.6339
-0.20703873,-0.4171
-0.20333083,-0.4835
-0.22633481,-0.408
-0.17065564,-0.4371
-0.1857862,-0.1156
-0.18041283,-0.4719
-0.18393053,-0.5621
-0.21404809,-0.437
-0.18248403,-0.2223
-0.20810542,-0.5238
-0.21228689,-0.418
-0.2141075,-0.5658
-0.21632998,-0.358
-0.20298067,-0.3629
-0.21703497,-0.3974
-0.20064896,-0.4804
-0.19776341,-0.5217
-0.22671442,-0.5167
-0.20310113,-0.5474
-0.20507124,-0.406
-0.23279837,-0.4705
-0.19568814,-0.4504
-0.21385428,-0.437
-0.1899631,-0.0495
-0.19337378,-0.3293
-0.1934302,-0.1792
-0.17854232,-0.528
-0.20091699,-0.1414
-0.22180116,-0.5391
-0.17849997,-0.4382
-0.19996749,-0.3699
-0.20111433,-0.499
-0.22332652,-0.5841
-0.23368827,-0.5454
-0.20259717,-0.6428
-0.21453331,-0.6437
-0.20693158,-0.4161
-0.20000318,-0.4849
-0.19706418,-0.5691
-0.19032179,-0.5156
-0.18934652,-0.6235
-0.20739384,-0.5592
-0.266148,-0.5747
-0.1724589,-0.2759
-0.17444438,-0.5543
-0.15905543,-0.5381
-0.18850589,-0.548
-0.16396753,-0.217
-0.18179876,-0.605
-0.19238311,-0.4098
-0.1783053,-0.4246
-0.1779624,-0.5168
-0.18309428,-0.6564
-0.18954048,-0.6756
-0.17032401,-0.6186
-0.194246,-0.6163
-0.19093388,-0.51
-0.19168583,-0.5048
-0.18728754,-0.5494
-0.18668705,-0.4952
-0.19079658,-0.6296
-0.19263503,-0.651
-0.21322808,-0.4321
-0.16821954,-0.3788
-0.19282907,-0.5083
-0.17965664,-0.6313
-0.17800963,-0.6071
-0.18253686,-0.4011
-0.16774859,-0.4785
-0.19712168,-0.4715
-0.20403093,-0.6212
-0.17949347,-0.3861
-0.19030869,-0.5485
-0.18004803,-0.5223
-0.16634014,-0.491
-0.19868004,-0.6571
-0.1920332,-0.5799
-0.19206655,-0.57
-0.21233714,-0.5302
-0.21926902,-0.5311
-0.221571,-0.4025
-0.23938815,-0.6662
-0.20509833,-0.5815
-0.19828203,-0.3692
-0.19646613,-0.3507
-0.18717411,0.3843
-0.18719137,-0.4917
-0.18919878,-0.555
-0.17935888,-0.6559
-0.21177742,-0.6378
-0.19257547,-0.1267
-0.21641429,-0.1443
-0.17705214,-0.6012
-0.21223643,0.5784
-0.2010637,-0.5311
-0.20480324,-0.5083
-0.1945366,-0.4954
-0.21578506,-0.0572
-0.21889225,-0.2935
-0.22542413,-0.4007
-0.23998573,-0.6043
-0.2517708,-0.0814
-0.25959238,-0.1705
-0.21573633,-0.5243
-0.17274165,-0.3568
-0.17170636,-0.5398
-0.20191811,-0.541
-0.18629488,-0.6156
-0.19388345,-0.6512
-0.19325909,-0.6317
-0.17074966,-0.548
-0.17934686,-0.6418
-0.18950978,-0.1765
-0.17701513,-0.1138
-0.19481167,-0.5879
-0.18727617,-0.5259
-0.18886648,-0.6146
-0.17640212,-0.2728
-0.19516575,-0.5508
-0.21979482,-0.5958
-0.2289789,-0.4689
-0.23350498,-0.3925
-0.24303676,-0.5491
-0.18859886,-0.1308
-0.18376529,-0.373
-0.18168597,-0.3716
-0.15566494,-0.537
-0.2160655,-0.6217
-0.1724677,-0.3666
-0.18707326,-0.514
-0.17703193,-0.0867
-0.19425106,0.1837
-0.19863698,0.1607
-0.17334105,-0.6165
-0.18562807,-0.6451
-0.18112849,-0.4534
-0.17226025,-0.5663
-0.18958265,-0.5374
-0.19993725,-0.4947
-0.20598142,-0.6139
-0.2024054,0.7556
-0.19574034,-0.4511
-0.20973243,0.119
-0.16909418,-0.2817
-0.18008012,0.5162
-0.16461551,-0.6093
-0.19312379,-0.5698
-0.18253157,-0.5853
-0.21348664,-0.5029
-0.18490398,-0.518
-0.1997396,-0.2885
-0.18635985,-0.399
-0.18219963,-0.4708
-0.19875772,-0.5478
-0.20631987,-0.5496
-0.20757492,-0.6057
-0.2062613,-0.5231
-0.1862849,-0.3507
-0.1962038,-0.3866
-0.16099116,-0.632
-0.1866739,-0.2695
-0.19436401,-0.6015
-0.1888358,-0.5302
-0.1961415,-0.2282
-0.23964155,-0.0492
-0.21936283,-0.372
-0.22795916,-0.5595
-0.23867323,-0.6221
-0.23214227,-0.3981
-0.24474244,-0.4093
-0.26535547,-0.6306
-0.20602655,0.0497
-0.21899088,0.164
-0.19898513,-0.5684
-0.22888038,0.0216
-0.22467253,-0.5339
-0.24763937,0.075
-0.24303727,0.3103
-0.22878069,-0.2457
-0.26690513,-0.2977
-0.22276226,-0.0589
-0.26250264,-0.5655
-0.24503908,-0.0127
-0.24753708,-0.2315
-0.22949553,-0.2634
-0.2396995,-0.4436
-0.2383973,-0.4771
-0.19569157,-0.4464
-0.19118497,-0.2686
-0.20026577,-0.6648
-0.25953007,-0.628
-0.23719367,-0.4933
-0.22325039,-0.4511
-0.20929803,-0.5865
-0.23435363,-0.5503
-0.254536,-0.6034
-0.23334697,-0.2817
-0.21657991,-0.4247
-0.2376247,-0.4218
-0.23956479,-0.4534
-0.20229629,-0.5515
-0.22211841,-0.5449
-0.21269944,-0.4821
-0.2039755,-0.3486
-0.18865496,-0.6357
-0.22392529,-0.6425
-0.19526665,-0.437
-0.17606588,-0.5529
-0.1995266,-0.6252
-0.23240885,-0.5869
-0.24558362,-0.6015
-0.2100594,-0.593
-0.19467124,-0.6606
-0.19760698,-0.6489
-0.19418602,-0.563
-0.18348686,-0.6475
-0.18098313,-0.6202
-0.223887,-0.6217
-0.21403095,-0.1762
-0.19699204,-0.5461
-0.24845524,-0.6369
-0.21986276,-0.3434
-0.2031863,-0.5635
-0.21937136,-0.6034
-0.22896239,-0.5517
-0.2017394,-0.5752
-0.19535318,-0.5785
-0.1903047,-0.4665
-0.20480756,-0.6597
-0.24069482,-0.635
-0.22409147,-0.6327
-0.24576868,-0.5424
-0.2488901,-0.659
-0.24523887,-0.6355
-0.17912306,-0.5478
-0.20704274,-0.6385
-0.22427562,-0.5412
-0.2836709,-0.5738
-0.19241378,-0.6369
-0.30972254,-0.3947
-0.27882853,-0.5794
-0.24004,-0.5374
-0.19246086,-0.3305
-0.20090258,-0.3932
-0.19561638,-0.5808
-0.20403591,-0.4337
-0.18792826,-0.5844
-0.1966928,-0.0282
-0.20798412,-0.3368
-0.21277937,0.0245
-0.1833973,-0.3573
-0.18585753,0.9791
-0.22878414,0.4274
-0.18001293,-0.3913
-0.19014286,-0.0984
-0.23619133,-0.3812
-0.21677025,-0.3997
-0.20803332,-0.2407
-0.24224496,0.164
-0.1799891,-0.0606
-0.2183547,-0.6008
-0.2078421,0.3577
-0.22720894,-0.396
-0.20703094,-0.5869
-0.17534602,-0.3111
-0.17746478,-0.3495
-0.1710747,-0.5449
-0.19110717,-0.6144
-0.20412877,-0.6092
-0.21135327,-0.5865
-0.19577798,-0.6458
-0.21497467,-0.582
-0.21006386,-0.5544
-0.2008998,-0.4757
-0.20363952,-0.5067
-0.19670439,-0.3369
-0.24875101,-0.4715
-0.21476844,-0.6249
-0.20867644,-0.6695
-0.24060917,-0.4471
-0.22724943,-0.3035
-0.18536326,-0.6026
-0.19960885,-0.6097
-0.19257185,-0.2874
-0.17931707,-0.6315
-0.16824532,-0.6353
-0.17780775,-0.533
-0.19127445,-0.5271
-0.18021938,-0.3096
-0.2386858,-0.4895
-0.20289242,-0.6369
-0.20034002,-0.3441
-0.21319312,-0.5836
-0.18575391,-0.43
-0.18935028,-0.4486
-0.1928692,-0.544
-0.23685557,-0.6399
-0.19700995,-0.6521
-0.22309059,-0.6768
-0.20118418,-0.6329
-0.22441284,-0.4577
-0.20496863,-0.4222
-0.24072023,-0.5151
-0.18908967,-0.4506
-0.19036649,-0.5353
-0.18067566,-0.491
-0.19166918,-0.5867
-0.23054144,-0.5921
-0.22537254,-0.6568
-0.22909752,-0.6803
-0.19933748,-0.6538
-0.19727953,-0.6369
-0.21135317,-0.6396
-0.17753503,-0.635
-0.21621364,-0.4301
-0.22873423,-0.0831
-0.20141433,-0.5775
-0.24634528,-0.4977
-0.27377674,-0.5711
-0.26915383,-0.6145
-0.23176046,-0.374
-0.32630455,-0.5503
-0.33022815,-0.4983
-0.21851695,-0.5203
-0.19252416,-0.5768
-0.21107334,0.0526
-0.19606787,0.3471
-0.1852749,-0.1314
-0.20582779,-0.4983
-0.20831522,-0.3681
-0.2366936,-0.5081
-0.23442328,-0.2008
-0.21514727,-0.4828
-0.2606568,-0.3146
-0.23885182,-0.5508
-0.22835419,-0.5543
-0.26706898,-0.4879
-0.22635984,-0.5783
-0.21315145,-0.6507
-0.22814792,-0.502
-0.23095945,-0.3425
-0.25698274,-0.3336
-0.2374132,-0.4905
-0.18978985,-0.574
-0.19769755,-0.5668
-0.18970123,-0.5607
-0.20534307,-0.4762
-0.20529208,-0.2381
-0.20922971,-0.3671
-0.20422633,-0.4328
-0.20406139,-0.6327
-0.20206168,-0.6167
-0.25147092,-0.6459
-0.22756381,-0.525
-0.21136907,-0.6416
-0.19627315,-0.605
-0.2091288,-0.6484
-0.253634,-0.5811
-0.21506307,-0.6503
-0.20479155,-0.6031
-0.21138576,-0.2811
-0.23963805,-0.5325
-0.22182485,-0.4877
-0.17734851,-0.6209
-0.17083618,-0.6453
-0.18822756,-0.5583
-0.19806762,-0.3303
-0.21635182,-0.2564
-0.21129675,-0.2863
-0.18044037,-0.6029
-0.20086275,-0.5916
-0.18868387,-0.6693
-0.20518738,-0.6629
-0.20178656,-0.6697
-0.1725289,-0.6723
-0.20734033,-0.6742
-0.20938596,-0.6712
-0.211192,-0.6812
-0.20348194,-0.4875
-0.21660611,-0.2911
-0.16616161,-0.5745
-0.19492926,-0.6242
-0.22313184,-0.3324
-0.20028889,-0.3735
-0.16943553,-0.3125
-0.18144238,-0.2363
-0.1958234,-0.6104
-0.19737634,-0.536
-0.19820078,-0.5907
-0.18428667,-0.6763
-0.19587392,-0.5524
-0.20680854,-0.6512
-0.17208873,-0.4276
-0.21042742,-0.4668
-0.18771687,-0.4253
-0.21171832,-0.6815
-0.2266598,-0.453
-0.22249329,-0.0606
-0.22146195,-0.5306
-0.21122321,-0.4687
-0.21534549,-0.4506
-0.20343396,-0.6116
-0.22192143,-0.4366
-0.174343,-0.2348
-0.17846902,-0.2524
-0.17340271,0.1096
-0.18750298,-0.5374
-0.21748367,-0.4774
-0.19000268,-0.4375
-0.19969508,-0.4945
-0.1938793,-0.4823
-0.20066114,-0.4539
-0.19963855,-0.6026
-0.17085452,-0.6282
-0.19821467,-0.636
-0.18514855,-0.6167
-0.1905521,-0.6172
-0.20052765,-0.6278
-0.18498121,-0.4902
-0.21993172,-0.448
-0.2223784,-0.654
-0.20481277,-0.2718
-0.17866325,-0.3127
-0.17728804,-0.159
-0.1869496,-0.5475
-0.20210065,-0.1497
-0.2059796,-0.3676
-0.19766171,-0.0694
-0.18305926,-0.2165
-0.18214154,-0.4311
-0.17858912,-0.2267
-0.17640468,-0.1633
-0.18545943,-0.487
-0.20739616,0.2608
-0.18230683,-0.3526
-0.18825665,-0.3479
-0.18724647,-0.22
-0.1852946,-0.2498
-0.20279413,-0.4954
-0.20672362,0.6035
-0.21358982,-0.282
-0.18958654,-0.2571
-0.19037807,-0.4082
-0.14912969,-0.3826
-0.17473185,-0.0306
-0.17276403,-0.312
-0.17027694,-0.4312
-0.15482873,-0.2475
-0.161241,-0.4903
-0.15868124,-0.3481
-0.16553324,-0.5621
-0.16470732,-0.1791
-0.15906785,-0.0218
-0.16179131,-0.202
-0.16862518,-0.1046
-0.16640684,-0.5182
-0.17590317,0.4204
-0.16697359,-0.4635
-0.17030837,-0.1238
-0.17233312,-0.2662
-0.17219353,-0.2057
-0.16945678,-0.0476
-0.15831545,-0.3129
-0.14998187,-0.0927
-0.1616026,-0.0413
-0.16534768,-0.1567
-0.15272352,-0.3183
-0.1467307,-0.4985
-0.15523848,-0.1794
-0.16273057,-0.5346
-0.16057995,-0.6299
-0.1639096,-0.4593
-0.16312869,0.6699
-0.15204078,0.0934
-0.14962016,-0.3033
-0.15766129,-0.3282
-0.15274924,0.0385
-0.14930622,0.6309
-0.1655899,-0.0596
-0.16674261,-0.3035
-0.16551608,0.36
-0.16196471,-0.4577
-0.17390779,-0.3066
-0.18082038,-0.4671
-0.1760259,-0.5386
-0.16666268,-0.3705
-0.16334614,-0.4025
-0.17312789,-0.1877
-0.16965026,-0.5238
-0.17549367,-0.5529
-0.16132997,-0.2719
-0.15078086,-0.4741
-0.17703488,-0.5227
-0.16997288,-0.3462
-0.18114647,-0.5682
-0.19624203,-0.0279
-0.16548178,-0.3275
-0.179657,-0.4457
-0.18081772,-0.3542
-0.20071915,-0.3971
-0.18026061,-0.5318
-0.1999936,-0.1159
-0.19525757,-0.4905
-0.1679118,-0.4131
-0.16647606,-0.3033
-0.18776351,-0.1542
-0.19574744,-0.0666
-0.170244,-0.3868
-0.17639126,-0.5072
-0.17692578,-0.4746
-0.19730565,-0.3997
-0.18897161,-0.5947
-0.17019284,-0.5452
-0.2008901,-0.4703
-0.22266996,-0.5886
-0.17625791,-0.571
-0.1737337,-0.5184
-0.20780212,-0.487
-0.20870113,0.8409
-0.17690273,-0.2374
-0.18549359,-0.5557
-0.22713017,-0.22
-0.20673308,-0.0171
-0.18576631,-0.4628
-0.1672562,0.45
-0.192357,0.0268
-0.19243726,-0.3791
-0.1905426,-0.5156
-0.19452798,-0.3636
-0.18542601,-0.5299
-0.18614852,-0.6658
-0.17665812,-0.5733
-0.20753312,-0.5895
-0.19940554,-0.5888
-0.19122058,-0.6181
-0.18473892,-0.3613
-0.22109693,-0.5621
-0.24232262,-0.5187
-0.1931114,-0.5907
-0.21752359,-0.3641
-0.2208378,-0.4624
-0.2319413,-0.0556
-0.24955475,-0.5918
-0.16318041,-0.4645
-0.16534376,-0.0938
-0.15842885,-0.5778
-0.16131973,-0.3174
-0.18210265,0.1211
-0.19194554,-0.3943
-0.16082259,-0.6102
-0.15775244,-0.4966
-0.18564856,-0.4999
-0.21147871,-0.5956
-0.17421758,-0.6474
-0.16485211,-0.3202
-0.18551178,-0.6327
-0.20262662,-0.3453
-0.19765246,-0.4947
-0.17737131,-0.647
-0.20117487,-0.2434
-0.20094891,-0.3291
-0.16942656,-0.2571
-0.18015468,-0.1879
-0.17872614,-0.4985
-0.15021326,-0.2946
-0.16167969,-0.5532
-0.17014866,-0.6087
-0.1644748,-0.6411
-0.15692687,-0.5309
-0.16929936,-0.3997
-0.18003629,-0.5818
-0.15022121,-0.1532
-0.16041751,-0.5269
-0.17319983,-0.6038
-0.15656465,-0.5095
-0.15171587,-0.3439
-0.16278051,0.0808
-0.17049523,-0.5229
-0.18149976,-0.2939
-0.17951335,-0.5173
-0.17004111,-0.627
-0.18146215,-0.2648
-0.16168582,-0.4715
-0.15596715,-0.6695
-0.16830485,-0.3636
-0.17018002,-0.2126
-0.16056919,-0.3644
-0.16700247,-0.2763
-0.1600418,-0.5454
-0.16844404,-0.6414
-0.16950285,-0.551
-0.1768218,-0.5689
-0.18340985,-0.4333
-0.17816374,-0.5614
-0.18470389,-0.537
-0.19287331,-0.57
-0.20087108,-0.5384
-0.17106351,-0.5635
-0.18209788,-0.6655
-0.1650714,-0.6184
-0.17039949,-0.6076
-0.19313084,-0.631
-0.2059311,-0.593
-0.15320174,-0.4652
-0.18516147,-0.4016
-0.17018332,-0.589
-0.1919348,-0.2845
-0.1753115,-0.5154
-0.17895341,-0.4671
-0.1763047,-0.6324
-0.17014185,-0.4872
-0.18992841,-0.3831
-0.1848728,-0.2322
-0.17857775,-0.3899
-0.19959229,0.1716
-0.2077618,-0.5979
-0.19315217,-0.5541
-0.17261812,-0.5105
-0.17304131,-0.6336
-0.17222352,-0.6634
-0.18003485,-0.3674
-0.1697144,-0.1613
-0.19664395,0.7004
-0.17712274,-0.3293
-0.21476267,0.0551
-0.20419523,0.0212
-0.1755018,-0.3683
-0.16937661,-0.5039
-0.16355786,0.0043
-0.18643299,-0.5485
-0.2047918,-0.3332
-0.18579856,-0.4936
-0.19615458,-0.2523
-0.17307492,-0.5665
-0.19552454,-0.6052
-0.2123084,-0.4471
-0.21355526,-0.5367
-0.19006805,-0.2158
-0.21497312,-0.4269
-0.18164407,-0.4154
-0.18021598,-0.3282
-0.19101116,-0.4366
-0.21339591,-0.1787
-0.18763912,-0.1543
-0.18967314,-0.3451
-0.18144366,-0.4715
-0.16942182,-0.4626
-0.18215838,-0.4375
-0.16149756,-0.4727
-0.1761137,-0.6087
-0.17987648,-0.4774
-0.20377909,-0.2789
-0.1866707,-0.484
-0.17743269,-0.4832
-0.19588214,-0.559
-0.19259858,-0.5926
-0.19956392,-0.5757
-0.18157032,-0.1297
-0.18289587,-0.169
-0.16515763,-0.3774
-0.18530011,-0.4725
-0.16921668,-0.1126
-0.18083873,-0.3364
-0.19500245,-0.404
-0.1805491,-0.2501
-0.17045425,-0.4234
-0.20726758,-0.5208
-0.20335326,-0.4696
-0.17776215,-0.5804
-0.19234782,-0.4605
-0.1858756,-0.4539
-0.19647989,-0.0654
-0.17775884,-0.3406
-0.19646674,-0.4922
-0.20607647,-0.3066
-0.19535403,-0.5379
-0.19030732,-0.3326
-0.18259783,-0.4358
-0.17343849,-0.4187
-0.19696829,-0.4945
-0.1908778,-0.4612
-0.1955572,-0.2205
-0.1771604,0.3027
